colsample_bytree,learning_rate,max_depth,min_child_weight,n_estimators,reg_alpha,reg_lambda,subsample,model,MSE,R2,Accuracy
0.7,0.2,5,1,100,0.0,1.0,0.9,XGBoost,0.02632203278034092,0.6227642286323547,0.782608695652174
0.9,0.2,5,1,100,0.5,2.0,0.9,XGBoost,0.026965477651237465,0.6183238282791618,0.782608695652174
0.7,0.1,6,3,100,0.5,1.0,0.7,XGBoost,0.025377919464551722,0.633261708394219,0.7608695652173914
0.9,0.1,5,1,100,0.5,2.0,0.7,XGBoost,0.02558570063516456,0.6320905624665629,0.7608695652173914
0.9,0.1,5,1,300,0.5,2.0,0.7,XGBoost,0.025765037943101293,0.629341756672831,0.7608695652173914
0.7,0.2,5,1,200,0.0,1.0,0.9,XGBoost,0.02655440265193687,0.6191603720068551,0.7608695652173914
0.7,0.2,5,1,300,0.0,1.0,0.9,XGBoost,0.026566492509108534,0.6189704703608271,0.7608695652173914
0.9,0.2,5,1,300,0.5,2.0,0.9,XGBoost,0.0271795933857203,0.615033852226145,0.7608695652173914
0.9,0.2,6,1,100,0.5,2.0,0.9,XGBoost,0.02781234254237254,0.6057242668261446,0.7608695652173914
0.9,0.2,6,1,200,0.5,2.0,0.9,XGBoost,0.028002930440255886,0.6032724492539477,0.7608695652173914
0.9,0.2,6,1,300,0.5,2.0,0.9,XGBoost,0.028021590589575495,0.6030341025873311,0.7608695652173914
0.7,0.1,5,3,200,0.5,1.0,0.9,XGBoost,0.02468930519513864,0.6444132634542975,0.7391304347826086
0.7,0.2,6,3,200,0.5,2.0,0.9,XGBoost,0.024895269262032976,0.6427729880566266,0.7391304347826086
0.7,0.1,5,3,300,0.5,1.0,0.9,XGBoost,0.024804544602979366,0.6425501971267418,0.7391304347826086
0.9,0.1,5,3,300,0.5,2.0,0.9,XGBoost,0.02512928687274344,0.6390271566891726,0.7391304347826086
0.9,0.1,5,1,100,0.5,1.0,0.9,XGBoost,0.025332758949098377,0.638611123543264,0.7391304347826086
0.7,0.1,5,1,300,0.0,1.0,0.9,XGBoost,0.025092883130514155,0.637251888027017,0.7391304347826086
0.7,0.1,6,1,100,0.5,2.0,0.9,XGBoost,0.02535853601972835,0.637146853374413,0.7391304347826086
0.7,0.1,6,3,100,0.5,2.0,0.9,XGBoost,0.02518010629379816,0.6370496569331813,0.7391304347826086
0.9,0.1,6,1,100,0.5,1.0,0.7,XGBoost,0.025214730918823067,0.6369444020629202,0.7391304347826086
0.7,0.1,6,3,100,0.0,1.0,0.9,XGBoost,0.02525725649893777,0.6358712851873201,0.7391304347826086
0.9,0.2,3,3,200,0.5,1.0,0.9,XGBoost,0.025572270837944115,0.6319574064999873,0.7391304347826086
0.9,0.05,6,1,200,0.5,2.0,0.7,XGBoost,0.025579556104228626,0.6316063841026827,0.7391304347826086
0.9,0.05,6,1,300,0.5,2.0,0.7,XGBoost,0.025577995063315793,0.6309709018442178,0.7391304347826086
0.9,0.1,5,3,100,0.5,1.0,0.7,XGBoost,0.02563215309998754,0.6293202078987744,0.7391304347826086
0.9,0.1,5,1,200,0.5,2.0,0.7,XGBoost,0.025829509306725954,0.6282418077734814,0.7391304347826086
0.9,0.2,3,3,300,0.5,1.0,0.9,XGBoost,0.02583194224155895,0.6271728703898616,0.7391304347826086
0.7,0.2,5,3,100,0.0,1.0,0.9,XGBoost,0.026093662157650303,0.6224387477627501,0.7391304347826086
0.7,0.2,5,3,200,0.0,1.0,0.9,XGBoost,0.026428581565619714,0.6171623323492771,0.7391304347826086
0.7,0.2,5,3,300,0.0,1.0,0.9,XGBoost,0.02646265692989425,0.6167181368675366,0.7391304347826086
0.9,0.2,5,1,200,0.5,2.0,0.9,XGBoost,0.027116199825081806,0.6164707430344831,0.7391304347826086
0.7,0.05,6,1,200,0.5,1.0,0.9,XGBoost,0.024416805096815403,0.6482476857336692,0.717391304347826
0.7,0.05,6,1,300,0.5,1.0,0.9,XGBoost,0.024484346275994842,0.6472861415010991,0.717391304347826
0.7,0.05,6,1,100,0.5,1.0,0.9,XGBoost,0.024556605130863923,0.6467144626204443,0.717391304347826
0.7,0.05,5,1,300,0.5,1.0,0.9,XGBoost,0.024655249957862772,0.645333115954787,0.717391304347826
0.7,0.1,5,1,100,0.0,1.0,0.9,XGBoost,0.0245332951375488,0.645067517100308,0.717391304347826
0.9,0.05,3,1,300,0.5,2.0,0.7,XGBoost,0.024598677432269525,0.6446325410711777,0.717391304347826
0.7,0.05,5,1,200,0.5,2.0,0.9,XGBoost,0.024678330454594725,0.6441832238927211,0.717391304347826
0.7,0.05,5,1,300,0.5,2.0,0.9,XGBoost,0.024692218826628767,0.6441107828464409,0.717391304347826
0.9,0.1,5,3,100,0.5,2.0,0.9,XGBoost,0.024750933698762752,0.6437550261694165,0.717391304347826
0.7,0.2,6,3,100,0.5,2.0,0.9,XGBoost,0.024826230140396855,0.6436872323074698,0.717391304347826
0.9,0.1,5,3,200,0.5,2.0,0.9,XGBoost,0.024936389766877388,0.6419171969324174,0.717391304347826
0.9,0.05,3,1,100,0.5,1.0,0.7,XGBoost,0.02489248248387662,0.6417597099487289,0.717391304347826
0.7,0.2,6,3,300,0.5,2.0,0.9,XGBoost,0.02494321792004601,0.6417584922352413,0.717391304347826
0.9,0.1,5,3,100,0.5,1.0,0.9,XGBoost,0.024880806560477985,0.6417227977523798,0.717391304347826
0.7,0.05,6,3,100,0.0,1.0,0.9,XGBoost,0.02493104391878302,0.640835311385106,0.717391304347826
0.7,0.05,6,1,300,0.5,2.0,0.9,XGBoost,0.02493205564179857,0.6403867436578292,0.717391304347826
0.7,0.1,5,1,200,0.0,1.0,0.9,XGBoost,0.02498222116692492,0.6388174676608485,0.717391304347826
0.7,0.1,5,3,100,0.0,1.0,0.7,XGBoost,0.025223977378187972,0.6383956393347509,0.717391304347826
0.9,0.1,5,1,200,0.5,1.0,0.9,XGBoost,0.025472778364333214,0.6374745313105338,0.717391304347826
0.7,0.05,6,3,200,0.0,1.0,0.9,XGBoost,0.025200746443374868,0.6371066807428198,0.717391304347826
0.7,0.1,3,3,200,0.5,2.0,0.9,XGBoost,0.025286554848689028,0.6367974164005766,0.717391304347826
0.9,0.2,5,3,100,0.5,2.0,0.7,XGBoost,0.025007631653606487,0.636508644319493,0.717391304347826
0.9,0.2,3,3,100,0.5,1.0,0.9,XGBoost,0.025238430754345554,0.636432475332404,0.717391304347826
0.7,0.1,6,1,200,0.5,2.0,0.9,XGBoost,0.025466624777053744,0.6360836777952142,0.717391304347826
0.9,0.1,6,1,300,0.5,1.0,0.7,XGBoost,0.025356566078637035,0.635238136281491,0.717391304347826
0.7,0.1,5,3,300,0.5,2.0,0.7,XGBoost,0.025324067245736385,0.6351263745482205,0.717391304347826
0.9,0.05,5,1,300,0.5,1.0,0.7,XGBoost,0.02528725006404438,0.6350051819340197,0.717391304347826
0.7,0.1,6,3,200,0.5,2.0,0.9,XGBoost,0.025346438333971162,0.6347299733639278,0.717391304347826
0.9,0.2,5,3,100,0.5,1.0,0.7,XGBoost,0.02567310196928441,0.634719828203192,0.717391304347826
0.7,0.1,6,1,200,0.5,1.0,0.9,XGBoost,0.02558528715599326,0.6346893940787123,0.717391304347826
0.7,0.1,6,3,300,0.5,2.0,0.9,XGBoost,0.025340644953613177,0.634645835251457,0.717391304347826
0.9,0.1,6,1,200,0.5,1.0,0.7,XGBoost,0.025435841200228917,0.6340552903604274,0.717391304347826
0.7,0.05,6,3,300,0.0,1.0,0.9,XGBoost,0.025428681377941523,0.6339699490769192,0.717391304347826
0.7,0.2,6,1,100,0.5,2.0,0.9,XGBoost,0.02592910432134537,0.6327052021237516,0.717391304347826
0.9,0.1,6,1,100,0.0,2.0,0.7,XGBoost,0.025375624808709522,0.6320291337785979,0.717391304347826
0.9,0.2,5,3,100,0.5,1.0,0.9,XGBoost,0.025671193437930614,0.6312070484612744,0.717391304347826
0.9,0.2,5,3,300,0.5,1.0,0.7,XGBoost,0.025983164173209415,0.6311165199617725,0.717391304347826
0.9,0.2,5,3,200,0.5,1.0,0.7,XGBoost,0.02597556989822408,0.630983497298471,0.717391304347826
0.9,0.05,6,1,300,0.5,2.0,0.9,XGBoost,0.025821008893064334,0.6309249670256971,0.717391304347826
0.7,0.1,6,3,200,0.0,1.0,0.9,XGBoost,0.02566109737789706,0.6303979937732975,0.717391304347826
0.7,0.2,6,1,200,0.5,2.0,0.9,XGBoost,0.026117705693340397,0.6298797263749549,0.717391304347826
0.9,0.1,6,1,200,0.0,2.0,0.7,XGBoost,0.025590137045396758,0.6298169009525957,0.717391304347826
0.7,0.1,5,1,100,0.5,2.0,0.7,XGBoost,0.025869676066560515,0.6291628755838831,0.717391304347826
0.7,0.1,6,3,300,0.0,1.0,0.9,XGBoost,0.02577892595865574,0.6288466455867223,0.717391304347826
0.9,0.2,5,3,300,0.5,1.0,0.9,XGBoost,0.025846785051800467,0.6288095949015503,0.717391304347826
0.7,0.2,6,1,300,0.5,2.0,0.9,XGBoost,0.02619167063173512,0.6287853600547443,0.717391304347826
0.9,0.2,5,3,200,0.5,1.0,0.9,XGBoost,0.02587367061089422,0.6286660922412025,0.717391304347826
0.9,0.1,6,1,200,0.5,1.0,0.9,XGBoost,0.026027846492776178,0.6284884587051764,0.717391304347826
0.9,0.1,6,1,300,0.0,2.0,0.7,XGBoost,0.025710330100225276,0.6283339902877209,0.717391304347826
0.7,0.1,5,1,200,0.5,2.0,0.7,XGBoost,0.025961481791217732,0.6276917082281146,0.717391304347826
0.9,0.1,6,1,300,0.5,1.0,0.9,XGBoost,0.026128054397417957,0.6269679958266524,0.717391304347826
0.9,0.1,5,3,200,0.5,1.0,0.7,XGBoost,0.02586838089906371,0.6265886939093387,0.717391304347826
0.7,0.1,5,1,300,0.5,2.0,0.7,XGBoost,0.026065617679462336,0.6264355198626494,0.717391304347826
0.9,0.1,6,3,200,0.5,2.0,0.7,XGBoost,0.026006799769158154,0.6259521409622345,0.717391304347826
0.9,0.2,6,1,100,0.0,1.0,0.7,XGBoost,0.026350958189929864,0.625452026546496,0.717391304347826
0.9,0.2,6,1,300,0.0,1.0,0.7,XGBoost,0.02635760518966815,0.6252076491661606,0.717391304347826
0.9,0.2,6,1,200,0.0,1.0,0.7,XGBoost,0.026358243429438644,0.6252035887968176,0.717391304347826
0.9,0.1,6,3,300,0.5,2.0,0.7,XGBoost,0.026086389731302062,0.6249507170237608,0.717391304347826
0.9,0.1,5,3,300,0.5,1.0,0.7,XGBoost,0.02600541056122248,0.6245561954167972,0.717391304347826
0.9,0.1,6,3,100,0.5,1.0,0.7,XGBoost,0.026131531476515268,0.6239261593561861,0.717391304347826
0.7,0.1,5,3,200,0.0,2.0,0.7,XGBoost,0.02623443594807409,0.6221148141464837,0.717391304347826
0.7,0.2,5,1,200,0.5,1.0,0.9,XGBoost,0.02674685097379919,0.6220248560842504,0.717391304347826
0.9,0.1,6,3,200,0.5,1.0,0.7,XGBoost,0.026356257461629666,0.6219030130182416,0.717391304347826
0.9,0.1,6,3,300,0.5,1.0,0.7,XGBoost,0.02638323347067845,0.6212992140405554,0.717391304347826
0.7,0.2,5,3,100,0.0,2.0,0.9,XGBoost,0.026097444606214576,0.6198708028529033,0.717391304347826
0.9,0.2,5,3,100,0.5,2.0,0.9,XGBoost,0.026789601564046243,0.6194704593292679,0.717391304347826
0.9,0.2,6,3,100,0.5,1.0,0.9,XGBoost,0.02640134215596385,0.6194260662532751,0.717391304347826
0.9,0.2,6,3,200,0.5,1.0,0.9,XGBoost,0.026399255976647384,0.6192824390495585,0.717391304347826
0.9,0.2,6,3,300,0.5,1.0,0.9,XGBoost,0.026418306435928057,0.618767323375984,0.717391304347826
0.7,0.2,6,1,100,0.0,1.0,0.7,XGBoost,0.026819340825194597,0.6177516793720621,0.717391304347826
0.7,0.2,6,1,200,0.0,1.0,0.7,XGBoost,0.026866315053230238,0.617108313240618,0.717391304347826
0.7,0.2,6,1,300,0.0,1.0,0.7,XGBoost,0.02687364085913153,0.617015794879893,0.717391304347826
0.9,0.2,5,3,200,0.5,2.0,0.9,XGBoost,0.02700422117330581,0.6163427015728923,0.717391304347826
0.9,0.2,6,3,100,0.5,2.0,0.9,XGBoost,0.02676227136159687,0.6163160070563611,0.717391304347826
0.9,0.2,3,1,100,0.5,2.0,0.7,XGBoost,0.026743747534935865,0.6159463245897807,0.717391304347826
0.9,0.2,5,3,300,0.5,2.0,0.9,XGBoost,0.027078371005704073,0.6153864663563287,0.717391304347826
0.9,0.2,6,3,200,0.5,2.0,0.9,XGBoost,0.026879539888489016,0.6148756950130237,0.717391304347826
0.7,0.2,3,3,300,0.5,1.0,0.7,XGBoost,0.026953268269212304,0.614410714154251,0.717391304347826
0.9,0.2,6,3,300,0.5,2.0,0.9,XGBoost,0.026956201560370683,0.6137754280345886,0.717391304347826
0.9,0.2,3,3,100,0.5,2.0,0.7,XGBoost,0.02689432428146183,0.6133693820384883,0.717391304347826
0.9,0.2,5,1,100,0.0,2.0,0.9,XGBoost,0.027032892180724487,0.6133223285664247,0.717391304347826
0.9,0.2,5,1,300,0.5,1.0,0.9,XGBoost,0.027261869945165565,0.6132991767757698,0.717391304347826
0.9,0.2,5,1,200,0.5,1.0,0.9,XGBoost,0.027297821224138957,0.6131026729147576,0.717391304347826
0.9,0.2,5,1,300,0.0,2.0,0.7,XGBoost,0.027319088360750386,0.6090747814829278,0.717391304347826
0.9,0.2,3,1,100,0.5,1.0,0.7,XGBoost,0.027308240030998226,0.6072981170916787,0.717391304347826
0.9,0.2,3,3,100,0.0,1.0,0.7,XGBoost,0.027754364286550058,0.6064282292825596,0.717391304347826
0.9,0.2,3,1,100,0.0,1.0,0.7,XGBoost,0.02793317814207161,0.5990215828840674,0.717391304347826
0.9,0.2,3,1,200,0.5,1.0,0.7,XGBoost,0.02830090052955558,0.5947309315204636,0.717391304347826
0.9,0.2,3,1,300,0.5,1.0,0.7,XGBoost,0.028348328927970047,0.5933182458173754,0.717391304347826
0.9,0.2,3,3,200,0.0,1.0,0.7,XGBoost,0.029349808293965492,0.5845912501866858,0.717391304347826
0.9,0.2,3,3,300,0.0,1.0,0.7,XGBoost,0.02999569328937214,0.5756453220978035,0.717391304347826
0.7,0.05,5,1,100,0.0,1.0,0.7,XGBoost,0.02413877601752201,0.6496218265352575,0.6956521739130435
0.7,0.1,5,3,100,0.5,1.0,0.9,XGBoost,0.024455992884822007,0.6476343170565171,0.6956521739130435
0.9,0.05,3,3,300,0.5,2.0,0.7,XGBoost,0.02454189626128678,0.6458494681549669,0.6956521739130435
0.9,0.05,3,3,200,0.5,2.0,0.7,XGBoost,0.024587340545832462,0.645662477336919,0.6956521739130435
0.9,0.05,3,3,200,0.0,2.0,0.7,XGBoost,0.024483027829926025,0.6454634773083601,0.6956521739130435
0.7,0.05,5,1,200,0.5,1.0,0.9,XGBoost,0.02466478249981067,0.6453171898048867,0.6956521739130435
0.9,0.2,6,3,200,0.5,2.0,0.7,XGBoost,0.02493410177039353,0.6450694301750527,0.6956521739130435
0.7,0.05,5,3,300,0.5,1.0,0.9,XGBoost,0.02471789325403462,0.644792932806535,0.6956521739130435
0.7,0.05,5,3,200,0.5,1.0,0.9,XGBoost,0.024743541941844683,0.6446907647386971,0.6956521739130435
0.9,0.05,3,1,100,0.0,1.0,0.7,XGBoost,0.024677115964991288,0.6440554773499415,0.6956521739130435
0.9,0.05,3,1,300,0.5,1.0,0.7,XGBoost,0.02463719916866299,0.6440316033217472,0.6956521739130435
0.9,0.2,6,3,300,0.5,2.0,0.7,XGBoost,0.025033207584523248,0.6434653006536043,0.6956521739130435
0.7,0.1,6,3,100,0.0,2.0,0.9,XGBoost,0.02475253764793052,0.6427006961689756,0.6956521739130435
0.7,0.1,5,1,100,0.5,1.0,0.9,XGBoost,0.024815775155840228,0.6421857129400994,0.6956521739130435
0.9,0.05,3,3,100,0.5,2.0,0.7,XGBoost,0.02495706966236175,0.6415755381781956,0.6956521739130435
0.9,0.05,3,3,300,0.0,2.0,0.7,XGBoost,0.02477272174520567,0.6414654764459053,0.6956521739130435
0.7,0.1,5,3,100,0.0,1.0,0.9,XGBoost,0.02501878127768073,0.6409543244143204,0.6956521739130435
0.9,0.1,5,3,200,0.5,1.0,0.9,XGBoost,0.02502016689678292,0.6407161371958432,0.6956521739130435
0.7,0.05,6,1,200,0.5,2.0,0.9,XGBoost,0.024932172054609417,0.6407035691752853,0.6956521739130435
0.7,0.05,6,3,300,0.5,2.0,0.7,XGBoost,0.025033735658310696,0.6401032996355289,0.6956521739130435
0.7,0.05,6,1,100,0.0,1.0,0.7,XGBoost,0.025012763550183906,0.6395770478246532,0.6956521739130435
0.9,0.1,5,3,300,0.5,1.0,0.9,XGBoost,0.0251166102247608,0.6390721623501502,0.6956521739130435
0.7,0.05,5,1,100,0.5,2.0,0.7,XGBoost,0.025132812081328088,0.6390196374181081,0.6956521739130435
0.7,0.05,6,1,200,0.5,2.0,0.7,XGBoost,0.025181680109695518,0.6384743240119972,0.6956521739130435
0.9,0.1,3,3,100,0.5,1.0,0.9,XGBoost,0.025129126896752504,0.6382673691897324,0.6956521739130435
0.7,0.1,5,3,300,0.5,2.0,0.9,XGBoost,0.0253235363041695,0.6380373479209258,0.6956521739130435
0.7,0.05,6,1,300,0.5,2.0,0.7,XGBoost,0.025229239024479936,0.6380156167575242,0.6956521739130435
0.7,0.1,5,1,200,0.5,1.0,0.9,XGBoost,0.02507219685216518,0.6379263843660224,0.6956521739130435
0.7,0.05,6,3,100,0.0,1.0,0.7,XGBoost,0.02509046775125417,0.6378894155142376,0.6956521739130435
0.7,0.05,5,1,300,0.5,2.0,0.7,XGBoost,0.025169770132344563,0.637886110350231,0.6956521739130435
0.7,0.1,6,3,200,0.0,2.0,0.9,XGBoost,0.025140396813433507,0.637614126232282,0.6956521739130435
0.9,0.05,5,1,100,0.5,1.0,0.7,XGBoost,0.0251310634909156,0.6374078026699078,0.6956521739130435
0.9,0.1,3,1,100,0.0,1.0,0.9,XGBoost,0.025283047351103625,0.6373517285541919,0.6956521739130435
0.7,0.05,6,1,100,0.5,2.0,0.7,XGBoost,0.02528028231637063,0.637065756454528,0.6956521739130435
0.9,0.05,5,3,100,0.0,2.0,0.9,XGBoost,0.025253081427660473,0.6370570536588152,0.6956521739130435
0.9,0.05,5,1,300,0.0,2.0,0.9,XGBoost,0.025304809752211995,0.6369957046839181,0.6956521739130435
0.9,0.05,6,3,200,0.5,1.0,0.7,XGBoost,0.025326737750070466,0.6368437874085976,0.6956521739130435
0.9,0.05,6,3,200,0.5,1.0,0.9,XGBoost,0.02518833080909765,0.6367542093896993,0.6956521739130435
0.7,0.1,6,3,100,0.5,1.0,0.9,XGBoost,0.02515165223454068,0.636726352411254,0.6956521739130435
0.9,0.1,5,1,300,0.5,1.0,0.9,XGBoost,0.025531500264854262,0.6365204729754068,0.6956521739130435
0.9,0.05,5,1,100,0.5,1.0,0.9,XGBoost,0.025326399543477658,0.636503764362095,0.6956521739130435
0.9,0.1,6,3,200,0.5,1.0,0.9,XGBoost,0.02501796667818991,0.636460256148603,0.6956521739130435
0.7,0.1,5,3,100,0.5,2.0,0.7,XGBoost,0.025213674103208718,0.6363221317912613,0.6956521739130435
0.9,0.05,5,1,100,0.0,1.0,0.7,XGBoost,0.0252126077547851,0.6362287287906131,0.6956521739130435
0.7,0.2,3,3,100,0.5,2.0,0.9,XGBoost,0.02524273587305413,0.6361956989852826,0.6956521739130435
0.9,0.1,6,3,300,0.5,1.0,0.9,XGBoost,0.025042638307418954,0.6361938967485813,0.6956521739130435
0.9,0.05,6,3,300,0.5,1.0,0.7,XGBoost,0.025335905508922986,0.6361033879091272,0.6956521739130435
0.9,0.05,5,3,300,0.5,1.0,0.7,XGBoost,0.0252686843375266,0.6359981077880587,0.6956521739130435
0.7,0.1,6,3,300,0.0,2.0,0.9,XGBoost,0.025281264883556122,0.6357694924680516,0.6956521739130435
0.9,0.05,5,1,300,0.5,2.0,0.7,XGBoost,0.025271635034651907,0.6353691562449459,0.6956521739130435
0.9,0.05,6,3,300,0.5,1.0,0.9,XGBoost,0.025294707461096994,0.6353681863040169,0.6956521739130435
0.9,0.1,3,1,200,0.5,2.0,0.9,XGBoost,0.025342186904786176,0.6350924778714144,0.6956521739130435
0.7,0.1,6,1,300,0.5,2.0,0.9,XGBoost,0.025532495482836624,0.6350111655602368,0.6956521739130435
0.9,0.05,5,1,100,0.5,2.0,0.7,XGBoost,0.02535027034098741,0.634828613010171,0.6956521739130435
0.9,0.05,5,1,200,0.5,1.0,0.9,XGBoost,0.02542109559320696,0.6346119287954988,0.6956521739130435
0.9,0.05,5,1,200,0.5,1.0,0.7,XGBoost,0.0253509906515025,0.6344256086590556,0.6956521739130435
0.9,0.1,6,3,100,0.5,2.0,0.9,XGBoost,0.025399969419793857,0.6343426812184422,0.6956521739130435
0.7,0.1,6,1,100,0.5,1.0,0.9,XGBoost,0.02557212998160197,0.6342591248495584,0.6956521739130435
0.7,0.1,5,3,200,0.5,2.0,0.7,XGBoost,0.02536782005438849,0.6341618107775152,0.6956521739130435
0.9,0.05,6,3,300,0.5,2.0,0.9,XGBoost,0.025291592852742174,0.6341562212903377,0.6956521739130435
0.7,0.1,6,1,300,0.5,1.0,0.9,XGBoost,0.025629149077297887,0.6340689314563897,0.6956521739130435
0.9,0.05,5,1,300,0.5,1.0,0.9,XGBoost,0.02548731487605401,0.633805517083665,0.6956521739130435
0.7,0.1,5,3,200,0.0,1.0,0.9,XGBoost,0.025568501241051544,0.6337725285244847,0.6956521739130435
0.7,0.05,5,3,200,0.0,1.0,0.9,XGBoost,0.02540949913898307,0.6336898301766067,0.6956521739130435
0.9,0.05,6,1,200,0.5,2.0,0.9,XGBoost,0.02567928870544647,0.6323993398570485,0.6956521739130435
0.7,0.2,6,3,100,0.5,1.0,0.7,XGBoost,0.02566919501762472,0.6323259908674335,0.6956521739130435
0.9,0.1,3,3,200,0.5,2.0,0.9,XGBoost,0.02552002301729973,0.6319380740945147,0.6956521739130435
0.9,0.05,5,1,300,0.0,2.0,0.7,XGBoost,0.025571522157600206,0.6313489882538633,0.6956521739130435
0.9,0.05,6,1,100,0.5,2.0,0.7,XGBoost,0.0255621265158577,0.631259402642893,0.6956521739130435
0.9,0.1,5,1,200,0.5,1.0,0.7,XGBoost,0.025421566217120974,0.6312171260573514,0.6956521739130435
0.9,0.1,3,3,300,0.5,1.0,0.9,XGBoost,0.02556121426411073,0.6311901118449782,0.6956521739130435
0.7,0.2,5,3,200,0.5,2.0,0.9,XGBoost,0.02547878642489083,0.6311873532264277,0.6956521739130435
0.9,0.2,5,3,200,0.5,2.0,0.7,XGBoost,0.025394522238119766,0.6311565891559412,0.6956521739130435
0.7,0.1,5,3,300,0.0,1.0,0.9,XGBoost,0.025770017493333696,0.6310571235374198,0.6956521739130435
0.9,0.05,6,1,100,0.5,1.0,0.7,XGBoost,0.025716691011680577,0.6309319274952974,0.6956521739130435
0.9,0.1,6,3,100,0.0,2.0,0.9,XGBoost,0.025622653115689766,0.6309268142141475,0.6956521739130435
0.9,0.1,6,3,200,0.5,2.0,0.9,XGBoost,0.02566866861547983,0.6309244750905514,0.6956521739130435
0.7,0.1,5,1,100,0.0,2.0,0.7,XGBoost,0.025481148867466667,0.6309063505073734,0.6956521739130435
0.7,0.2,6,3,200,0.5,1.0,0.7,XGBoost,0.025819070084707126,0.6306750747395428,0.6956521739130435
0.9,0.1,5,1,200,0.5,2.0,0.9,XGBoost,0.025924679481279286,0.6306609107883075,0.6956521739130435
0.9,0.05,6,1,300,0.5,1.0,0.7,XGBoost,0.0256522315303179,0.6306220892917945,0.6956521739130435
0.7,0.2,5,3,300,0.5,2.0,0.9,XGBoost,0.025518741125206638,0.6306087198261884,0.6956521739130435
0.7,0.1,5,3,100,0.0,2.0,0.7,XGBoost,0.025554721240376794,0.6305956496926644,0.6956521739130435
0.7,0.05,5,3,300,0.0,2.0,0.7,XGBoost,0.025776267307698573,0.6305101245243329,0.6956521739130435
0.7,0.1,5,1,300,0.5,1.0,0.7,XGBoost,0.025841896498995497,0.6300055856784665,0.6956521739130435
0.9,0.1,5,1,100,0.5,2.0,0.9,XGBoost,0.025915932821169364,0.6298973310007782,0.6956521739130435
0.9,0.05,6,1,200,0.5,1.0,0.7,XGBoost,0.025741199935236648,0.6298767705993317,0.6956521739130435
0.9,0.1,5,1,300,0.5,1.0,0.7,XGBoost,0.025498834625674333,0.629803561863934,0.6956521739130435
0.7,0.2,5,1,100,0.5,2.0,0.7,XGBoost,0.025879272965178172,0.6297348470323424,0.6956521739130435
0.9,0.1,6,1,100,0.5,1.0,0.9,XGBoost,0.025868675298488634,0.6297237834081345,0.6956521739130435
0.7,0.2,6,3,300,0.5,1.0,0.7,XGBoost,0.02590930238539107,0.629552743091451,0.6956521739130435
0.9,0.1,6,3,300,0.5,2.0,0.9,XGBoost,0.025761507140602574,0.6295010514954392,0.6956521739130435
0.7,0.1,6,3,200,0.5,1.0,0.7,XGBoost,0.025643287677921078,0.6292205490824906,0.6956521739130435
0.9,0.2,5,3,300,0.5,2.0,0.7,XGBoost,0.02555797258568415,0.629167872789013,0.6956521739130435
0.9,0.05,6,1,200,0.5,1.0,0.9,XGBoost,0.025825362295615543,0.628984067017282,0.6956521739130435
0.9,0.1,3,1,300,0.5,1.0,0.9,XGBoost,0.025846578333889373,0.6289636043566663,0.6956521739130435
0.9,0.1,6,1,200,0.5,2.0,0.7,XGBoost,0.025818664467748057,0.6288735733968673,0.6956521739130435
0.9,0.1,5,1,300,0.5,2.0,0.9,XGBoost,0.026029318968510688,0.6287843410539334,0.6956521739130435
0.9,0.05,6,1,300,0.5,1.0,0.9,XGBoost,0.025869247340503748,0.6285293195752942,0.6956521739130435
0.9,0.1,6,1,300,0.5,2.0,0.7,XGBoost,0.025819428637340432,0.6284926330684248,0.6956521739130435
0.9,0.1,6,3,100,0.5,2.0,0.7,XGBoost,0.025822323903216614,0.6280043542065066,0.6956521739130435
0.7,0.1,6,3,300,0.5,1.0,0.7,XGBoost,0.025727697125462568,0.6275226543218436,0.6956521739130435
0.7,0.2,3,3,100,0.0,2.0,0.9,XGBoost,0.025772625556385733,0.6272666339603239,0.6956521739130435
0.7,0.1,5,3,200,0.0,1.0,0.7,XGBoost,0.026045588595455568,0.6271279223758244,0.6956521739130435
0.9,0.05,5,1,300,0.0,1.0,0.7,XGBoost,0.025860615218710355,0.6269571016493333,0.6956521739130435
0.7,0.1,6,3,300,0.5,2.0,0.7,XGBoost,0.026069201751100498,0.6267537843066744,0.6956521739130435
0.9,0.1,5,3,200,0.5,2.0,0.7,XGBoost,0.026048437987674356,0.6264317769720714,0.6956521739130435
0.9,0.2,3,1,100,0.5,1.0,0.9,XGBoost,0.026053858341655654,0.6262103112827312,0.6956521739130435
0.7,0.2,5,1,100,0.5,1.0,0.9,XGBoost,0.026456990827091915,0.6261559983783582,0.6956521739130435
0.9,0.1,5,3,300,0.5,2.0,0.7,XGBoost,0.02607033029364773,0.6260660804973626,0.6956521739130435
0.7,0.2,5,1,200,0.5,2.0,0.7,XGBoost,0.026149753502464547,0.6258388887973566,0.6956521739130435
0.7,0.2,3,3,100,0.5,1.0,0.7,XGBoost,0.02609885965977169,0.6255346547176162,0.6956521739130435
0.9,0.2,6,3,100,0.5,1.0,0.7,XGBoost,0.025933594008500732,0.6243748252980482,0.6956521739130435
0.7,0.1,3,3,200,0.0,2.0,0.7,XGBoost,0.02632588585705172,0.6241111850575194,0.6956521739130435
0.7,0.2,6,3,100,0.0,2.0,0.9,XGBoost,0.025845574660055805,0.6241056977928923,0.6956521739130435
0.7,0.2,5,1,300,0.5,2.0,0.7,XGBoost,0.02627521060887546,0.6238834878765964,0.6956521739130435
0.7,0.1,5,3,300,0.0,1.0,0.7,XGBoost,0.026291630036019357,0.6237507733532096,0.6956521739130435
0.9,0.2,6,3,300,0.5,1.0,0.7,XGBoost,0.026033159734755285,0.6229273235920517,0.6956521739130435
0.7,0.1,6,1,200,0.5,2.0,0.7,XGBoost,0.026370723582547353,0.6221050264390768,0.6956521739130435
0.7,0.2,6,3,200,0.0,2.0,0.9,XGBoost,0.025977626599268496,0.6220377156520278,0.6956521739130435
0.7,0.2,6,3,300,0.0,2.0,0.9,XGBoost,0.0259846334994877,0.6219539789810948,0.6956521739130435
0.7,0.1,5,1,200,0.0,2.0,0.7,XGBoost,0.026152236894772928,0.6218780319783811,0.6956521739130435
0.7,0.1,6,1,300,0.5,2.0,0.7,XGBoost,0.02640481357187263,0.6211413002184731,0.6956521739130435
0.7,0.2,5,1,300,0.5,1.0,0.9,XGBoost,0.026794234068247928,0.6209738100515664,0.6956521739130435
0.7,0.1,5,1,300,0.0,2.0,0.7,XGBoost,0.0263125239053962,0.6202855263810305,0.6956521739130435
0.7,0.2,3,3,100,0.5,2.0,0.7,XGBoost,0.026487756613659773,0.6194127675534575,0.6956521739130435
0.7,0.2,3,1,100,0.0,1.0,0.9,XGBoost,0.026210496251308547,0.6193268555885806,0.6956521739130435
0.9,0.2,6,1,200,0.5,1.0,0.9,XGBoost,0.0266616011781281,0.6189098116923957,0.6956521739130435
0.9,0.2,6,1,300,0.5,1.0,0.9,XGBoost,0.02668620979013863,0.6184684524879158,0.6956521739130435
0.7,0.2,6,1,100,0.0,1.0,0.9,XGBoost,0.026577729595105737,0.6184478756149132,0.6956521739130435
0.9,0.2,3,3,100,0.0,2.0,0.9,XGBoost,0.026407777430031074,0.6183170894319013,0.6956521739130435
0.7,0.2,6,1,300,0.0,1.0,0.9,XGBoost,0.026615204505439593,0.6179829715372908,0.6956521739130435
0.7,0.2,6,1,200,0.0,1.0,0.9,XGBoost,0.026615116970146256,0.6179688853035813,0.6956521739130435
0.9,0.2,6,1,100,0.5,1.0,0.9,XGBoost,0.026767517732330427,0.617209582096079,0.6956521739130435
0.7,0.2,3,3,200,0.5,1.0,0.7,XGBoost,0.026762652516341936,0.6170073132216414,0.6956521739130435
0.9,0.1,5,1,100,0.0,2.0,0.9,XGBoost,0.026674776065610927,0.6166634155589221,0.6956521739130435
0.7,0.2,3,1,300,0.5,2.0,0.9,XGBoost,0.026673518652170058,0.6154199680005701,0.6956521739130435
0.9,0.2,5,1,100,0.0,2.0,0.7,XGBoost,0.02694933783950525,0.613849355500249,0.6956521739130435
0.9,0.2,6,3,100,0.0,2.0,0.7,XGBoost,0.026635993010350294,0.6131102675234292,0.6956521739130435
0.9,0.2,5,1,100,0.5,1.0,0.9,XGBoost,0.027276102947562945,0.6127637802183873,0.6956521739130435
0.7,0.2,6,3,100,0.0,1.0,0.9,XGBoost,0.02698312100722128,0.6127126222643839,0.6956521739130435
0.7,0.2,6,3,300,0.0,1.0,0.9,XGBoost,0.02701952881908934,0.6121698875899994,0.6956521739130435
0.7,0.2,6,3,200,0.0,1.0,0.9,XGBoost,0.027022296958250668,0.6121337719625808,0.6956521739130435
0.9,0.1,3,1,200,0.0,1.0,0.7,XGBoost,0.026940979237377788,0.6118713810586113,0.6956521739130435
0.9,0.2,5,1,200,0.0,2.0,0.9,XGBoost,0.02719081553342467,0.6115873888857795,0.6956521739130435
0.9,0.2,5,1,300,0.0,2.0,0.9,XGBoost,0.027211372168158002,0.6111945305621213,0.6956521739130435
0.9,0.2,6,3,200,0.0,2.0,0.7,XGBoost,0.026795599684555426,0.6110960975507785,0.6956521739130435
0.9,0.2,6,3,300,0.0,2.0,0.7,XGBoost,0.026818553438784587,0.6107948172565337,0.6956521739130435
0.9,0.2,6,3,100,0.0,1.0,0.7,XGBoost,0.027279487683553573,0.6106627475321301,0.6956521739130435
0.9,0.2,6,1,100,0.0,1.0,0.9,XGBoost,0.026955824767088254,0.6098554871541373,0.6956521739130435
0.9,0.2,5,1,200,0.0,2.0,0.7,XGBoost,0.027258637079531477,0.6097448432462147,0.6956521739130435
0.9,0.2,6,1,200,0.0,1.0,0.9,XGBoost,0.026969669793349752,0.6096661783789431,0.6956521739130435
0.9,0.2,6,1,300,0.0,1.0,0.9,XGBoost,0.026971927302001927,0.6096304649947796,0.6956521739130435
0.9,0.2,3,3,100,0.0,2.0,0.7,XGBoost,0.027297036858174063,0.6094811983025435,0.6956521739130435
0.9,0.2,6,3,200,0.0,1.0,0.7,XGBoost,0.027389609513794964,0.6088630532904377,0.6956521739130435
0.9,0.2,3,3,300,0.5,1.0,0.7,XGBoost,0.027171450199942927,0.6087321218173944,0.6956521739130435
0.9,0.1,5,1,200,0.0,2.0,0.9,XGBoost,0.027286840515704895,0.60850256154295,0.6956521739130435
0.9,0.2,3,1,100,0.0,2.0,0.7,XGBoost,0.02745088789947792,0.6078237176443709,0.6956521739130435
0.9,0.2,6,1,100,0.0,2.0,0.7,XGBoost,0.027675554327292736,0.6053659026565366,0.6956521739130435
0.9,0.1,3,1,300,0.0,1.0,0.7,XGBoost,0.027410291550487784,0.6053109080284009,0.6956521739130435
0.9,0.2,6,1,100,0.0,2.0,0.9,XGBoost,0.027583915741782806,0.6050902358306574,0.6956521739130435
0.9,0.2,6,1,200,0.0,2.0,0.9,XGBoost,0.027602848482729637,0.6048687911082883,0.6956521739130435
0.9,0.2,6,1,300,0.0,2.0,0.9,XGBoost,0.027602015399065188,0.6048658427422593,0.6956521739130435
0.9,0.2,6,1,300,0.0,2.0,0.7,XGBoost,0.02777661108117665,0.6043423990395236,0.6956521739130435
0.9,0.2,6,1,200,0.0,2.0,0.7,XGBoost,0.027778544345438104,0.6042880510819189,0.6956521739130435
0.7,0.2,3,1,200,0.0,1.0,0.9,XGBoost,0.027372880453967807,0.6036332610250214,0.6956521739130435
0.9,0.2,3,3,200,0.5,2.0,0.7,XGBoost,0.027690877727302454,0.60244224495613,0.6956521739130435
0.7,0.2,5,1,100,0.0,2.0,0.9,XGBoost,0.02782052844978888,0.6017523811546447,0.6956521739130435
0.9,0.2,3,3,300,0.5,2.0,0.7,XGBoost,0.02791979778044367,0.5990843272986968,0.6956521739130435
0.9,0.2,3,3,200,0.0,2.0,0.9,XGBoost,0.027734175409787745,0.5983546478227985,0.6956521739130435
0.7,0.2,5,1,200,0.0,2.0,0.9,XGBoost,0.028111004160446037,0.5978879143574501,0.6956521739130435
0.7,0.2,5,1,300,0.0,2.0,0.9,XGBoost,0.02814002447849383,0.5975737270307551,0.6956521739130435
0.7,0.2,3,1,100,0.0,1.0,0.7,XGBoost,0.027657072791479814,0.5971830152481347,0.6956521739130435
0.7,0.2,3,1,300,0.0,1.0,0.9,XGBoost,0.028110499768241436,0.594511660357435,0.6956521739130435
0.7,0.2,3,3,200,0.0,2.0,0.7,XGBoost,0.02823863371727236,0.5938558521604737,0.6956521739130435
0.7,0.2,5,3,200,0.0,2.0,0.7,XGBoost,0.028875468859026067,0.5892659807642411,0.6956521739130435
0.7,0.2,3,3,300,0.0,2.0,0.7,XGBoost,0.028472211415502206,0.5892629837330039,0.6956521739130435
0.7,0.2,5,3,300,0.0,2.0,0.7,XGBoost,0.028908869025374002,0.588911004301535,0.6956521739130435
0.9,0.2,3,1,200,0.0,2.0,0.7,XGBoost,0.02884490659567276,0.5880785980139751,0.6956521739130435
0.7,0.2,3,3,300,0.0,2.0,0.9,XGBoost,0.028770057881887186,0.5870928500628346,0.6956521739130435
0.9,0.2,3,1,200,0.0,1.0,0.7,XGBoost,0.028826761893333143,0.5857027474731535,0.6956521739130435
0.9,0.2,3,1,300,0.0,2.0,0.7,XGBoost,0.02952181172965343,0.5790179243359941,0.6956521739130435
0.9,0.2,5,3,200,0.0,1.0,0.7,XGBoost,0.029505841942058245,0.5761009955731012,0.6956521739130435
0.9,0.2,5,3,300,0.0,1.0,0.7,XGBoost,0.029549892247686182,0.5755565177561079,0.6956521739130435
0.9,0.2,3,1,300,0.0,1.0,0.7,XGBoost,0.029688000131033884,0.5744938144879006,0.6956521739130435
0.7,0.2,3,3,300,0.0,1.0,0.7,XGBoost,0.02955257501734832,0.5741003534617252,0.6956521739130435
0.9,0.05,3,3,100,0.0,1.0,0.7,XGBoost,0.024563071858888147,0.646229649612837,0.6739130434782609
0.9,0.05,3,1,200,0.5,2.0,0.7,XGBoost,0.024520744502406096,0.6459388583912604,0.6739130434782609
0.7,0.05,6,3,300,0.5,2.0,0.9,XGBoost,0.024610501375740744,0.6454731915772463,0.6739130434782609
0.7,0.1,5,1,100,0.5,2.0,0.9,XGBoost,0.02472825545440141,0.6454686442509031,0.6739130434782609
0.9,0.05,3,1,200,0.5,1.0,0.7,XGBoost,0.0245639611891294,0.6452687923208912,0.6739130434782609
0.9,0.05,3,1,200,0.0,2.0,0.7,XGBoost,0.02453108268125875,0.6446009848819577,0.6739130434782609
0.7,0.05,6,3,100,0.5,2.0,0.7,XGBoost,0.02476730189051329,0.6443884173228609,0.6739130434782609
0.7,0.05,5,1,100,0.5,1.0,0.9,XGBoost,0.024779637428899583,0.6442134836844348,0.6739130434782609
0.9,0.2,6,3,100,0.5,2.0,0.7,XGBoost,0.024950627701223027,0.6441963352818693,0.6739130434782609
0.9,0.05,3,3,300,0.5,1.0,0.7,XGBoost,0.024642037709357828,0.6439687095671123,0.6739130434782609
0.9,0.05,3,3,100,0.5,1.0,0.7,XGBoost,0.024753746677996298,0.6437877211677989,0.6739130434782609
0.9,0.05,5,3,100,0.0,1.0,0.7,XGBoost,0.024762950825949013,0.6436488647371281,0.6739130434782609
0.7,0.05,5,1,100,0.5,2.0,0.9,XGBoost,0.024758158157902412,0.64357658098511,0.6739130434782609
0.7,0.05,6,1,200,0.0,2.0,0.9,XGBoost,0.024503554991808497,0.643517061899038,0.6739130434782609
0.7,0.05,5,3,100,0.0,2.0,0.7,XGBoost,0.024843499619781603,0.6431381055790338,0.6739130434782609
0.9,0.05,6,3,100,0.0,2.0,0.7,XGBoost,0.024803382682760278,0.6429869655454896,0.6739130434782609
0.9,0.05,5,3,100,0.5,1.0,0.9,XGBoost,0.024783316349671947,0.6428351082075792,0.6739130434782609
0.9,0.05,3,1,200,0.0,1.0,0.7,XGBoost,0.024732645175215354,0.6426574240773486,0.6739130434782609
0.7,0.05,6,1,100,0.0,1.0,0.9,XGBoost,0.02482628702642553,0.6425664770817131,0.6739130434782609
0.7,0.05,6,3,300,0.5,1.0,0.9,XGBoost,0.024723745803868314,0.6425491788625461,0.6739130434782609
0.7,0.05,5,1,200,0.0,1.0,0.7,XGBoost,0.024660903621263632,0.6423323902098536,0.6739130434782609
0.7,0.05,3,3,100,0.5,2.0,0.7,XGBoost,0.024963993440150153,0.6422824314129892,0.6739130434782609
0.7,0.1,5,1,200,0.5,2.0,0.9,XGBoost,0.02500762348088233,0.6422302989947868,0.6739130434782609
0.9,0.05,5,1,100,0.0,2.0,0.9,XGBoost,0.024940188716316584,0.64221924626907,0.6739130434782609
0.7,0.05,3,3,100,0.0,1.0,0.9,XGBoost,0.024958057119042705,0.6422026923455026,0.6739130434782609
0.9,0.05,5,3,200,0.5,1.0,0.9,XGBoost,0.02478586264919169,0.64190351439461,0.6739130434782609
0.9,0.05,3,1,300,0.0,2.0,0.7,XGBoost,0.024725010789984948,0.6416853876950165,0.6739130434782609
0.7,0.05,6,3,200,0.5,2.0,0.7,XGBoost,0.02491044062907261,0.6416590980024386,0.6739130434782609
0.7,0.05,6,1,300,0.0,2.0,0.9,XGBoost,0.02465508048104418,0.6414384647536542,0.6739130434782609
0.7,0.1,6,1,100,0.0,2.0,0.9,XGBoost,0.024893861450536132,0.6411903827870521,0.6739130434782609
0.7,0.05,3,1,300,0.0,1.0,0.9,XGBoost,0.024913594939362255,0.641186362399762,0.6739130434782609
0.7,0.05,3,3,300,0.0,1.0,0.9,XGBoost,0.024959648851811084,0.640969732718983,0.6739130434782609
0.9,0.05,5,3,300,0.5,1.0,0.9,XGBoost,0.02484335774886126,0.6409438147873922,0.6739130434782609
0.7,0.05,6,1,100,0.5,2.0,0.9,XGBoost,0.024991288254222067,0.6405906342121109,0.6739130434782609
0.7,0.1,5,1,300,0.5,2.0,0.9,XGBoost,0.02515866484760295,0.6400413006406638,0.6739130434782609
0.7,0.05,5,1,200,0.0,2.0,0.9,XGBoost,0.02496033084398318,0.6399575028433037,0.6739130434782609
0.7,0.1,3,1,200,0.5,2.0,0.9,XGBoost,0.0250306497080565,0.6398941159978455,0.6739130434782609
0.7,0.1,5,3,200,0.5,2.0,0.9,XGBoost,0.025212350120086668,0.6398022917852338,0.6739130434782609
0.9,0.05,5,1,200,0.5,2.0,0.9,XGBoost,0.025127069252365793,0.6397647243916894,0.6739130434782609
0.7,0.05,6,1,200,0.0,1.0,0.9,XGBoost,0.02505104698533389,0.6394650150529761,0.6739130434782609
0.9,0.05,6,1,100,0.0,2.0,0.7,XGBoost,0.025018653215314,0.6394539922681447,0.6739130434782609
0.7,0.1,3,3,100,0.5,2.0,0.9,XGBoost,0.02520905393527854,0.6392613568993575,0.6739130434782609
0.9,0.05,5,1,200,0.0,2.0,0.9,XGBoost,0.02514828703222083,0.6392240304308338,0.6739130434782609
0.7,0.05,5,1,100,0.0,2.0,0.7,XGBoost,0.025011432866182435,0.6384337369049036,0.6739130434782609
0.9,0.05,3,1,300,0.0,1.0,0.7,XGBoost,0.025007274137863297,0.6383817092930265,0.6739130434782609
0.9,0.05,5,1,300,0.5,2.0,0.9,XGBoost,0.02523207651485177,0.6383234616314136,0.6739130434782609
0.9,0.05,5,3,300,0.5,2.0,0.7,XGBoost,0.02509491219089144,0.6383182705742583,0.6739130434782609
0.9,0.05,5,3,100,0.5,2.0,0.9,XGBoost,0.025211942658661335,0.6381026381684158,0.6739130434782609
0.7,0.1,6,1,200,0.0,2.0,0.9,XGBoost,0.02514428074761282,0.6380943182846387,0.6739130434782609
0.9,0.05,6,3,300,0.5,2.0,0.7,XGBoost,0.02514986255815514,0.6380215889456587,0.6739130434782609
0.7,0.05,5,3,200,0.0,2.0,0.9,XGBoost,0.025065943395593867,0.6379543533877966,0.6739130434782609
0.9,0.1,6,3,100,0.5,1.0,0.9,XGBoost,0.024899477038290242,0.6378633602141713,0.6739130434782609
0.7,0.05,6,1,300,0.0,1.0,0.9,XGBoost,0.025183926084097943,0.6377770449773031,0.6739130434782609
0.9,0.1,3,3,100,0.0,1.0,0.9,XGBoost,0.025086918571309565,0.6376639637313274,0.6739130434782609
0.9,0.05,6,3,200,0.5,2.0,0.7,XGBoost,0.025197281093440157,0.6375596244686471,0.6739130434782609
0.7,0.1,6,1,300,0.0,2.0,0.9,XGBoost,0.025194644339244357,0.6375259661912704,0.6739130434782609
0.9,0.05,6,3,100,0.5,1.0,0.9,XGBoost,0.025197809274024287,0.6375192793792399,0.6739130434782609
0.9,0.1,3,3,200,0.5,1.0,0.9,XGBoost,0.025136400546761584,0.6375130026985589,0.6739130434782609
0.7,0.2,5,3,100,0.5,2.0,0.9,XGBoost,0.025050719267567204,0.6375040385139226,0.6739130434782609
0.7,0.05,6,3,100,0.0,2.0,0.7,XGBoost,0.02523357048982271,0.6373726383138173,0.6739130434782609
0.7,0.05,5,1,200,0.5,2.0,0.7,XGBoost,0.02522433007076502,0.6371878455641593,0.6739130434782609
0.9,0.05,6,3,200,0.0,2.0,0.7,XGBoost,0.02522888060940112,0.6371660882771443,0.6739130434782609
0.9,0.05,5,3,200,0.5,2.0,0.9,XGBoost,0.025227534801091803,0.6370694019157334,0.6739130434782609
0.9,0.1,3,1,100,0.5,2.0,0.9,XGBoost,0.02526151351071779,0.6369701093965293,0.6739130434782609
0.9,0.05,6,3,100,0.0,2.0,0.9,XGBoost,0.025151163359248423,0.6369318220474386,0.6739130434782609
0.9,0.05,3,3,300,0.0,1.0,0.7,XGBoost,0.025240923183561394,0.6363840555660035,0.6739130434782609
0.9,0.05,5,3,200,0.5,1.0,0.7,XGBoost,0.02529865936216696,0.6359304220804249,0.6739130434782609
0.7,0.1,6,3,200,0.5,1.0,0.9,XGBoost,0.02523078444369954,0.6358418772553595,0.6739130434782609
0.9,0.05,6,3,200,0.5,2.0,0.9,XGBoost,0.025161956643071855,0.6357875879841617,0.6739130434782609
0.9,0.05,5,3,300,0.5,2.0,0.9,XGBoost,0.025334980428924184,0.6353007620670297,0.6739130434782609
0.7,0.1,5,1,300,0.5,1.0,0.9,XGBoost,0.025233541719961557,0.6352952652441082,0.6739130434782609
0.9,0.05,6,1,200,0.0,2.0,0.7,XGBoost,0.025342993964780677,0.6352450337449141,0.6739130434782609
0.7,0.05,5,1,200,0.5,1.0,0.7,XGBoost,0.025328546103405177,0.6352239358057571,0.6739130434782609
0.7,0.05,6,1,100,0.0,2.0,0.7,XGBoost,0.02536835169054187,0.635217040424003,0.6739130434782609
0.7,0.05,5,1,300,0.0,2.0,0.9,XGBoost,0.025299690205478197,0.6350028739471273,0.6739130434782609
0.7,0.05,5,3,200,0.0,2.0,0.7,XGBoost,0.02546644444145961,0.6349497284351646,0.6739130434782609
0.7,0.1,3,3,100,0.0,2.0,0.7,XGBoost,0.025465208835334624,0.6349132748959238,0.6739130434782609
0.9,0.05,6,1,100,0.0,1.0,0.9,XGBoost,0.02531277196505312,0.6346670284837976,0.6739130434782609
0.7,0.05,6,1,200,0.0,1.0,0.7,XGBoost,0.02535706481792107,0.6344091076177232,0.6739130434782609
0.9,0.1,5,1,100,0.5,1.0,0.7,XGBoost,0.025128669246402457,0.6342925078698013,0.6739130434782609
0.7,0.05,6,1,300,0.0,1.0,0.7,XGBoost,0.025377090406883778,0.634281978106642,0.6739130434782609
0.7,0.05,6,1,200,0.5,1.0,0.7,XGBoost,0.025510752353209973,0.6342239305437304,0.6739130434782609
0.9,0.05,6,1,100,0.0,1.0,0.7,XGBoost,0.02537996910919599,0.6341938079104843,0.6739130434782609
0.9,0.05,5,1,200,0.5,2.0,0.7,XGBoost,0.02539102074242817,0.6341213256339879,0.6739130434782609
0.7,0.1,3,1,200,0.5,1.0,0.9,XGBoost,0.025422227101067525,0.6340776936048799,0.6739130434782609
0.9,0.1,3,3,100,0.5,2.0,0.7,XGBoost,0.025615735308703633,0.6338929481065563,0.6739130434782609
0.7,0.05,5,1,300,0.5,1.0,0.7,XGBoost,0.025433271561623668,0.633888582224776,0.6739130434782609
0.9,0.1,3,3,100,0.5,2.0,0.9,XGBoost,0.025531881045925024,0.6337351416924498,0.6739130434782609
0.9,0.05,6,3,200,0.0,2.0,0.9,XGBoost,0.02533861397157412,0.6336841274431485,0.6739130434782609
0.7,0.1,6,1,100,0.0,1.0,0.9,XGBoost,0.025638290061963064,0.6336467598577464,0.6739130434782609
0.7,0.05,6,1,300,0.5,1.0,0.7,XGBoost,0.025572206536470125,0.6335711688269516,0.6739130434782609
0.7,0.1,3,3,200,0.5,1.0,0.7,XGBoost,0.025488812247841917,0.6335199797338664,0.6739130434782609
0.9,0.05,6,1,300,0.0,2.0,0.7,XGBoost,0.02548178497649411,0.6334019559835543,0.6739130434782609
0.7,0.05,5,1,200,0.0,1.0,0.9,XGBoost,0.025497580182541363,0.6331593979161443,0.6739130434782609
0.7,0.05,5,3,300,0.0,2.0,0.9,XGBoost,0.02536509229866975,0.6329261832573374,0.6739130434782609
0.9,0.05,6,1,100,0.5,2.0,0.9,XGBoost,0.025662794724736676,0.6328326054559074,0.6739130434782609
0.7,0.1,3,3,300,0.5,2.0,0.9,XGBoost,0.025530729434619957,0.6327606176459966,0.6739130434782609
0.9,0.1,6,3,100,0.0,1.0,0.7,XGBoost,0.02560027864360877,0.6326038549902373,0.6739130434782609
0.7,0.1,6,1,100,0.5,1.0,0.7,XGBoost,0.02561388827703527,0.6321706387143728,0.6739130434782609
0.9,0.1,3,1,300,0.5,2.0,0.7,XGBoost,0.02566128094331229,0.6315580949393625,0.6739130434782609
0.7,0.2,6,3,100,0.5,1.0,0.9,XGBoost,0.025598797561740307,0.6315495577864546,0.6739130434782609
0.7,0.1,6,1,200,0.0,1.0,0.9,XGBoost,0.025798578523133532,0.6314017035276085,0.6739130434782609
0.9,0.1,3,1,200,0.5,2.0,0.7,XGBoost,0.025672524383436802,0.6313138371116139,0.6739130434782609
0.9,0.05,6,1,200,0.0,1.0,0.9,XGBoost,0.025557539606192642,0.6312681598096431,0.6739130434782609
0.7,0.1,5,1,200,0.5,1.0,0.7,XGBoost,0.025771504131303885,0.6309790356187929,0.6739130434782609
0.7,0.1,6,1,300,0.0,1.0,0.9,XGBoost,0.025829610707130853,0.6309580707136876,0.6739130434782609
0.9,0.05,6,1,200,0.0,1.0,0.7,XGBoost,0.025650645118306333,0.6308205029979674,0.6739130434782609
0.9,0.05,5,3,200,0.0,2.0,0.9,XGBoost,0.025709220001998986,0.6306219665570596,0.6739130434782609
0.9,0.05,6,3,300,0.0,2.0,0.9,XGBoost,0.02553822083216294,0.630583479352545,0.6739130434782609
0.7,0.2,6,1,100,0.5,1.0,0.9,XGBoost,0.025942826223709175,0.6303485993544371,0.6739130434782609
0.7,0.05,5,1,300,0.0,1.0,0.9,XGBoost,0.025665047479302653,0.6302673189497395,0.6739130434782609
0.7,0.1,3,3,300,0.5,2.0,0.7,XGBoost,0.025836525288956514,0.6301660448556039,0.6739130434782609
0.9,0.05,6,1,300,0.0,1.0,0.9,XGBoost,0.025671491268408137,0.6298866002205734,0.6739130434782609
0.7,0.05,5,3,300,0.0,1.0,0.9,XGBoost,0.0256917316850443,0.6296878417251099,0.6739130434782609
0.7,0.1,6,1,200,0.5,1.0,0.7,XGBoost,0.025749023055344496,0.6296711355069962,0.6739130434782609
0.7,0.1,6,1,300,0.5,1.0,0.7,XGBoost,0.02576523519339844,0.629489815988568,0.6739130434782609
0.9,0.05,6,1,100,0.5,1.0,0.9,XGBoost,0.025835573373496516,0.6293961610733478,0.6739130434782609
0.7,0.2,6,1,200,0.5,1.0,0.9,XGBoost,0.02603189765486502,0.6293299229955135,0.6739130434782609
0.7,0.1,3,1,300,0.5,1.0,0.9,XGBoost,0.02570875111075585,0.6291899976746997,0.6739130434782609
0.9,0.1,3,1,300,0.5,2.0,0.9,XGBoost,0.025733470952077096,0.6290537728867924,0.6739130434782609
0.7,0.1,6,1,100,0.5,2.0,0.7,XGBoost,0.025859034988020276,0.6290132495035359,0.6739130434782609
0.9,0.1,6,1,100,0.5,2.0,0.7,XGBoost,0.025817171646055882,0.6289120538355325,0.6739130434782609
0.9,0.1,3,3,300,0.5,2.0,0.9,XGBoost,0.02571154992998512,0.628831428649307,0.6739130434782609
0.7,0.1,5,3,200,0.5,1.0,0.7,XGBoost,0.02588456215362298,0.6285581676862617,0.6739130434782609
0.9,0.05,6,1,300,0.0,1.0,0.7,XGBoost,0.025832102727908663,0.6282291684818989,0.6739130434782609
0.7,0.2,6,1,300,0.5,1.0,0.9,XGBoost,0.026110002279476928,0.6281033925019155,0.6739130434782609
0.7,0.1,6,1,100,0.0,2.0,0.7,XGBoost,0.025842629376824095,0.6276901033065782,0.6739130434782609
0.7,0.1,6,3,200,0.5,2.0,0.7,XGBoost,0.026022328132219864,0.6274954332917132,0.6739130434782609
0.7,0.1,5,3,300,0.5,1.0,0.7,XGBoost,0.02598254464188416,0.627455758392513,0.6739130434782609
0.9,0.05,5,3,300,0.0,2.0,0.9,XGBoost,0.025950872619914106,0.6272256020638186,0.6739130434782609
0.9,0.1,5,3,100,0.0,2.0,0.9,XGBoost,0.025874798274899878,0.6268413060451652,0.6739130434782609
0.7,0.2,3,3,200,0.5,2.0,0.9,XGBoost,0.025873489854393278,0.6262152635136458,0.6739130434782609
0.9,0.1,5,3,100,0.0,1.0,0.7,XGBoost,0.026278359666162054,0.62571608035213,0.6739130434782609
0.9,0.1,3,3,300,0.5,2.0,0.7,XGBoost,0.026275208614870312,0.625390925439005,0.6739130434782609
0.9,0.1,6,3,200,0.0,2.0,0.9,XGBoost,0.02605076968869205,0.625331255584722,0.6739130434782609
0.7,0.2,3,1,100,0.0,2.0,0.7,XGBoost,0.02583399954081964,0.624964743237273,0.6739130434782609
0.9,0.1,3,3,200,0.5,1.0,0.7,XGBoost,0.02600251869283669,0.6248996345012693,0.6739130434782609
0.9,0.2,3,1,100,0.5,2.0,0.9,XGBoost,0.026051729945423645,0.6248609750095467,0.6739130434782609
0.7,0.2,6,3,100,0.5,2.0,0.7,XGBoost,0.025989826671626942,0.6247453644230009,0.6739130434782609
0.9,0.1,6,1,100,0.5,2.0,0.9,XGBoost,0.026284845600003964,0.624229655393228,0.6739130434782609
0.9,0.1,6,3,300,0.0,2.0,0.9,XGBoost,0.02616147248417745,0.6238424935076685,0.6739130434782609
0.9,0.2,3,1,200,0.5,2.0,0.9,XGBoost,0.026107480689703956,0.6237016407288807,0.6739130434782609
0.7,0.1,6,1,100,0.0,1.0,0.7,XGBoost,0.026171944792652505,0.6236803224553842,0.6739130434782609
0.9,0.2,5,1,100,0.5,2.0,0.7,XGBoost,0.026501482156157354,0.6236684297968945,0.6739130434782609
0.9,0.1,6,3,200,0.0,1.0,0.7,XGBoost,0.026310254615861572,0.6232763140442931,0.6739130434782609
0.9,0.2,6,3,200,0.5,1.0,0.7,XGBoost,0.026030313998521452,0.6231829136230478,0.6739130434782609
0.7,0.2,6,3,200,0.5,2.0,0.7,XGBoost,0.02615451000432408,0.622897508351546,0.6739130434782609
0.9,0.1,3,3,300,0.5,1.0,0.7,XGBoost,0.026063862903953395,0.6228698810890696,0.6739130434782609
0.9,0.1,6,1,200,0.5,2.0,0.9,XGBoost,0.026407593802183774,0.6228405188837712,0.6739130434782609
0.7,0.2,6,3,300,0.5,2.0,0.7,XGBoost,0.026154739917575876,0.6227555872159268,0.6739130434782609
0.7,0.1,6,1,200,0.0,2.0,0.7,XGBoost,0.026216756948423826,0.6226898229576119,0.6739130434782609
0.7,0.2,3,3,300,0.5,2.0,0.9,XGBoost,0.026075503772009966,0.6225270966747314,0.6739130434782609
0.7,0.2,3,1,200,0.5,1.0,0.9,XGBoost,0.02618466095370049,0.6224239409965496,0.6739130434782609
0.9,0.1,6,3,300,0.0,1.0,0.7,XGBoost,0.02638861001742027,0.622184667847243,0.6739130434782609
0.9,0.1,6,1,300,0.5,2.0,0.9,XGBoost,0.026461795512863935,0.6220847178413407,0.6739130434782609
0.7,0.1,6,1,300,0.0,2.0,0.7,XGBoost,0.026297210015739408,0.6217085486583571,0.6739130434782609
0.9,0.1,5,3,100,0.0,2.0,0.7,XGBoost,0.02635259890980992,0.6215567754352347,0.6739130434782609
0.9,0.1,6,1,100,0.0,1.0,0.9,XGBoost,0.026441982810818717,0.6215398551558599,0.6739130434782609
0.7,0.2,3,1,200,0.5,2.0,0.9,XGBoost,0.02628830407061816,0.6212597676531388,0.6739130434782609
0.7,0.2,6,1,100,0.0,2.0,0.9,XGBoost,0.02647905244399985,0.6201658255869706,0.6739130434782609
0.7,0.2,6,1,300,0.0,2.0,0.9,XGBoost,0.026521470706372306,0.6197280482150059,0.6739130434782609
0.7,0.2,6,1,200,0.0,2.0,0.9,XGBoost,0.02652261339713599,0.6197059555464495,0.6739130434782609
0.7,0.1,5,3,300,0.0,2.0,0.7,XGBoost,0.026438592380597946,0.6196166955058151,0.6739130434782609
0.9,0.2,5,1,100,0.5,1.0,0.7,XGBoost,0.02649382804277789,0.6191793770811639,0.6739130434782609
0.9,0.1,6,1,200,0.0,1.0,0.9,XGBoost,0.026646337739328795,0.6189309646527026,0.6739130434782609
0.9,0.1,6,1,300,0.0,1.0,0.9,XGBoost,0.026667581866509436,0.6186951243755439,0.6739130434782609
0.9,0.2,3,1,200,0.5,1.0,0.9,XGBoost,0.026583843369969527,0.6186810457707591,0.6739130434782609
0.7,0.2,5,3,100,0.5,1.0,0.7,XGBoost,0.02667687753193333,0.6186457236923887,0.6739130434782609
0.7,0.2,3,3,100,0.0,1.0,0.9,XGBoost,0.026600831453156882,0.6181887838919554,0.6739130434782609
0.7,0.1,6,3,100,0.0,1.0,0.7,XGBoost,0.026677507564744508,0.6181073236948629,0.6739130434782609
0.9,0.2,5,1,200,0.5,1.0,0.7,XGBoost,0.026643207460983625,0.6178579855008692,0.6739130434782609
0.9,0.1,5,3,200,0.0,1.0,0.7,XGBoost,0.026894307086258597,0.6177325875339387,0.6739130434782609
0.9,0.1,6,1,100,0.0,2.0,0.9,XGBoost,0.026586130012621948,0.6176532256036252,0.6739130434782609
0.9,0.2,5,1,300,0.5,1.0,0.7,XGBoost,0.026643948180370598,0.617542264529523,0.6739130434782609
0.9,0.2,3,1,300,0.5,2.0,0.9,XGBoost,0.026518355194995992,0.6175274402714349,0.6739130434782609
0.9,0.1,6,1,200,0.0,2.0,0.9,XGBoost,0.026649082830031152,0.6169703453186584,0.6739130434782609
0.9,0.1,5,1,200,0.0,2.0,0.7,XGBoost,0.026679921811488122,0.6166754104236245,0.6739130434782609
0.7,0.2,5,1,100,0.0,2.0,0.7,XGBoost,0.02694171982683903,0.6162781551543243,0.6739130434782609
0.9,0.1,6,1,300,0.0,2.0,0.9,XGBoost,0.02673001297551535,0.6159469146542979,0.6739130434782609
0.7,0.2,6,1,100,0.5,1.0,0.7,XGBoost,0.026718876810724823,0.6156834673429473,0.6739130434782609
0.7,0.2,5,3,200,0.0,2.0,0.9,XGBoost,0.026400989347812803,0.6156658576001871,0.6739130434782609
0.7,0.2,5,3,300,0.0,2.0,0.9,XGBoost,0.026483475380749254,0.6147737606191314,0.6739130434782609
0.9,0.1,5,1,300,0.0,2.0,0.7,XGBoost,0.02684956805583056,0.6144927149035273,0.6739130434782609
0.7,0.2,3,1,300,0.5,1.0,0.7,XGBoost,0.026621540969543656,0.6143616177858735,0.6739130434782609
0.9,0.1,5,3,300,0.0,1.0,0.7,XGBoost,0.02715552210411672,0.61410362522748,0.6739130434782609
0.7,0.2,3,1,200,0.5,1.0,0.7,XGBoost,0.02662094520193561,0.6140127844978661,0.6739130434782609
0.9,0.2,3,3,100,0.5,1.0,0.7,XGBoost,0.026800639813741613,0.6138295169347948,0.6739130434782609
0.7,0.2,6,1,300,0.5,1.0,0.7,XGBoost,0.026910342393582726,0.6135070559997619,0.6739130434782609
0.9,0.2,3,1,300,0.5,1.0,0.9,XGBoost,0.026937726099612612,0.6130708777844869,0.6739130434782609
0.7,0.2,5,1,200,0.0,2.0,0.7,XGBoost,0.027237900089625306,0.6130076109850084,0.6739130434782609
0.7,0.2,6,1,200,0.5,1.0,0.7,XGBoost,0.026972462197926518,0.6125737327691283,0.6739130434782609
0.7,0.2,5,1,300,0.0,2.0,0.7,XGBoost,0.027290839733652157,0.6124805179411574,0.6739130434782609
0.9,0.1,5,3,200,0.0,2.0,0.7,XGBoost,0.027062800648104103,0.612294530476147,0.6739130434782609
0.9,0.2,6,1,200,0.5,2.0,0.7,XGBoost,0.027380108499703716,0.6121801651068914,0.6739130434782609
0.7,0.1,6,3,200,0.0,1.0,0.7,XGBoost,0.02713450414191432,0.611853798538368,0.6739130434782609
0.7,0.2,5,3,100,0.0,1.0,0.7,XGBoost,0.02693489389095904,0.6117988351551225,0.6739130434782609
0.9,0.2,6,1,300,0.5,2.0,0.7,XGBoost,0.02745863410747944,0.6108880128096752,0.6739130434782609
0.7,0.1,6,3,300,0.0,1.0,0.7,XGBoost,0.027264834519339698,0.6101601161031115,0.6739130434782609
0.9,0.1,3,3,300,0.0,1.0,0.7,XGBoost,0.02697282933442698,0.6100167904840691,0.6739130434782609
0.9,0.2,3,3,200,0.5,1.0,0.7,XGBoost,0.02711818776887494,0.6098001059078413,0.6739130434782609
0.9,0.2,6,3,300,0.0,1.0,0.7,XGBoost,0.027387408672665144,0.6088797878393664,0.6739130434782609
0.9,0.1,5,1,300,0.0,2.0,0.9,XGBoost,0.027473343934675033,0.605942189181937,0.6739130434782609
0.7,0.2,5,3,200,0.0,1.0,0.7,XGBoost,0.027368159876338515,0.6053282714996282,0.6739130434782609
0.7,0.2,5,3,300,0.0,1.0,0.7,XGBoost,0.02738832245360105,0.6052182606651421,0.6739130434782609
0.7,0.2,3,3,200,0.0,2.0,0.9,XGBoost,0.02752616217931298,0.6042324284975468,0.6739130434782609
0.9,0.2,5,3,100,0.0,2.0,0.9,XGBoost,0.027626433176300855,0.6042108755860882,0.6739130434782609
0.9,0.2,3,1,300,0.5,2.0,0.7,XGBoost,0.02766336768264769,0.6027404212237585,0.6739130434782609
0.9,0.2,6,3,100,0.0,2.0,0.9,XGBoost,0.027976601481916396,0.6025136780242145,0.6739130434782609
0.7,0.2,6,3,100,0.0,1.0,0.7,XGBoost,0.02754875657561807,0.6018504910811576,0.6739130434782609
0.7,0.2,3,3,300,0.5,2.0,0.7,XGBoost,0.02764655306543166,0.6017036896290794,0.6739130434782609
0.9,0.2,6,3,200,0.0,2.0,0.9,XGBoost,0.028105014760738213,0.6010038615754438,0.6739130434782609
0.9,0.2,6,3,300,0.0,2.0,0.9,XGBoost,0.02811010398565317,0.6009620059380394,0.6739130434782609
0.7,0.2,6,3,200,0.0,1.0,0.7,XGBoost,0.027656479781620356,0.5999839967349169,0.6739130434782609
0.7,0.2,6,3,300,0.0,1.0,0.7,XGBoost,0.02766253153172656,0.5999442063529553,0.6739130434782609
0.9,0.2,5,3,200,0.0,2.0,0.9,XGBoost,0.02803457515473009,0.5985552621497728,0.6739130434782609
0.9,0.2,5,3,300,0.0,2.0,0.9,XGBoost,0.028089957585728766,0.5978805336144253,0.6739130434782609
0.7,0.2,3,1,200,0.0,2.0,0.7,XGBoost,0.027892499915293686,0.5973458832807521,0.6739130434782609
0.7,0.2,5,3,100,0.0,2.0,0.7,XGBoost,0.028348293185696857,0.5967097165310029,0.6739130434782609
0.9,0.2,3,1,300,0.0,1.0,0.9,XGBoost,0.027891713027141586,0.5964651714949839,0.6739130434782609
0.7,0.2,3,3,300,0.0,1.0,0.9,XGBoost,0.028317414985990844,0.5935885287874862,0.6739130434782609
0.9,0.2,3,1,200,0.0,2.0,0.9,XGBoost,0.028537418159037743,0.5921053859366794,0.6739130434782609
0.7,0.2,3,1,300,0.0,2.0,0.7,XGBoost,0.02858001683516564,0.5884015702093919,0.6739130434782609
0.7,0.2,3,3,200,0.0,1.0,0.7,XGBoost,0.028659973615262697,0.5868176816368761,0.6739130434782609
0.9,0.2,3,3,300,0.0,2.0,0.9,XGBoost,0.02861845666864936,0.5861163520266491,0.6739130434782609
0.9,0.2,5,3,100,0.0,1.0,0.7,XGBoost,0.029040278564525564,0.581703960063946,0.6739130434782609
0.7,0.05,5,3,300,0.5,2.0,0.9,XGBoost,0.024348545411990535,0.6497471608401904,0.6521739130434783
0.7,0.05,5,3,200,0.5,2.0,0.9,XGBoost,0.024406633241510715,0.6492840264963694,0.6521739130434783
0.7,0.05,3,1,100,0.0,2.0,0.7,XGBoost,0.024565693885127648,0.646497432612089,0.6521739130434783
0.7,0.1,3,1,100,0.0,2.0,0.9,XGBoost,0.02464731436183106,0.6462770306500276,0.6521739130434783
0.9,0.05,3,3,200,0.5,1.0,0.7,XGBoost,0.02453703839512821,0.6462152720798511,0.6521739130434783
0.7,0.05,3,3,200,0.0,1.0,0.9,XGBoost,0.02465368360160058,0.645853000485677,0.6521739130434783
0.7,0.05,6,3,200,0.5,2.0,0.9,XGBoost,0.024600380247967325,0.6455443962746947,0.6521739130434783
0.7,0.05,6,3,100,0.5,2.0,0.9,XGBoost,0.02466541949142509,0.6451568668418898,0.6521739130434783
0.7,0.05,6,1,100,0.0,2.0,0.9,XGBoost,0.024474114664934144,0.644914054064415,0.6521739130434783
0.9,0.05,3,3,200,0.0,1.0,0.9,XGBoost,0.02467448420668784,0.6449125513585974,0.6521739130434783
0.7,0.05,6,3,100,0.0,2.0,0.9,XGBoost,0.02456534929596805,0.6446906112875364,0.6521739130434783
0.7,0.05,5,3,100,0.5,2.0,0.7,XGBoost,0.024806543819685004,0.6446854881310242,0.6521739130434783
0.7,0.05,6,3,100,0.5,1.0,0.9,XGBoost,0.024616454496574472,0.6446466464999575,0.6521739130434783
0.9,0.05,3,3,100,0.0,1.0,0.9,XGBoost,0.024731639071699108,0.6444696516973574,0.6521739130434783
0.7,0.05,5,3,100,0.5,1.0,0.7,XGBoost,0.02478875293993812,0.6444339162987285,0.6521739130434783
0.7,0.05,3,1,100,0.0,1.0,0.9,XGBoost,0.024808555582525083,0.6443793788810184,0.6521739130434783
0.7,0.05,3,1,100,0.0,2.0,0.9,XGBoost,0.024757150524894224,0.6443234791627112,0.6521739130434783
0.7,0.05,3,1,300,0.0,1.0,0.7,XGBoost,0.024652825585614543,0.6442183908334315,0.6521739130434783
0.9,0.05,3,1,100,0.0,2.0,0.7,XGBoost,0.02459860874997433,0.6441510169687787,0.6521739130434783
0.7,0.05,6,3,200,0.5,1.0,0.7,XGBoost,0.02483260301218502,0.6437593971887725,0.6521739130434783
0.7,0.05,5,3,100,0.5,1.0,0.9,XGBoost,0.024842350812259183,0.6436605545392918,0.6521739130434783
0.7,0.05,5,3,100,0.0,2.0,0.9,XGBoost,0.024738310401465787,0.6434875141628869,0.6521739130434783
0.9,0.05,3,3,200,0.0,1.0,0.7,XGBoost,0.02476099529941944,0.6431481688695186,0.6521739130434783
0.7,0.1,5,1,100,0.0,2.0,0.9,XGBoost,0.024666612274249374,0.6430706728024387,0.6521739130434783
0.7,0.05,5,1,100,0.0,2.0,0.9,XGBoost,0.02475647564783989,0.6429099731119471,0.6521739130434783
0.7,0.05,3,3,300,0.5,1.0,0.9,XGBoost,0.024903546190570804,0.6429020169325956,0.6521739130434783
0.7,0.05,6,3,200,0.5,1.0,0.9,XGBoost,0.024696740639263776,0.6428236427549743,0.6521739130434783
0.7,0.05,3,3,100,0.0,2.0,0.7,XGBoost,0.024854567820189688,0.6427832186019369,0.6521739130434783
0.7,0.05,5,3,200,0.5,1.0,0.7,XGBoost,0.024901201733328736,0.6423991001057207,0.6521739130434783
0.9,0.05,5,3,100,0.5,2.0,0.7,XGBoost,0.024870351642291972,0.6422724663561442,0.6521739130434783
0.7,0.1,5,3,100,0.5,2.0,0.9,XGBoost,0.024994256107061935,0.6422098284402808,0.6521739130434783
0.9,0.05,3,1,100,0.5,2.0,0.7,XGBoost,0.024872698187809204,0.6418768075345611,0.6521739130434783
0.7,0.1,3,3,100,0.5,1.0,0.9,XGBoost,0.02489063108775547,0.64176482941705,0.6521739130434783
0.7,0.05,5,3,300,0.5,1.0,0.7,XGBoost,0.024949513690513955,0.6417626023979603,0.6521739130434783
0.7,0.05,3,1,300,0.5,2.0,0.9,XGBoost,0.024887928994791825,0.6417261303285383,0.6521739130434783
0.7,0.05,5,1,100,0.5,1.0,0.7,XGBoost,0.024893367379956555,0.6415676018002534,0.6521739130434783
0.7,0.1,3,3,100,0.5,1.0,0.7,XGBoost,0.02497289676522638,0.6414208031730984,0.6521739130434783
0.7,0.05,3,3,100,0.5,1.0,0.7,XGBoost,0.025006291958856,0.6412159046759384,0.6521739130434783
0.9,0.05,5,1,100,0.0,2.0,0.7,XGBoost,0.024864892817465522,0.641173501328187,0.6521739130434783
0.7,0.05,6,3,200,0.0,2.0,0.9,XGBoost,0.024784886365965163,0.6411100547954244,0.6521739130434783
0.9,0.05,6,3,100,0.5,2.0,0.7,XGBoost,0.024970702867038484,0.6410884439437626,0.6521739130434783
0.7,0.05,3,3,300,0.0,2.0,0.9,XGBoost,0.025005178807745148,0.6404832059465256,0.6521739130434783
0.7,0.1,5,3,100,0.0,2.0,0.9,XGBoost,0.02500403988324033,0.640367834276571,0.6521739130434783
0.7,0.1,3,1,100,0.0,2.0,0.7,XGBoost,0.02498649891936312,0.6402014536188564,0.6521739130434783
0.9,0.05,5,3,200,0.5,2.0,0.7,XGBoost,0.0250146404675391,0.6399436587410172,0.6521739130434783
0.7,0.05,5,1,300,0.0,1.0,0.7,XGBoost,0.024875601687172087,0.6399093669406807,0.6521739130434783
0.9,0.05,5,3,100,0.5,1.0,0.7,XGBoost,0.02498392655817663,0.6399075203381315,0.6521739130434783
0.7,0.2,3,3,100,0.5,1.0,0.9,XGBoost,0.024921126853718226,0.6398311598566309,0.6521739130434783
0.9,0.05,5,3,100,0.0,1.0,0.9,XGBoost,0.02503806347553708,0.6398010124901521,0.6521739130434783
0.9,0.1,3,1,100,0.0,2.0,0.7,XGBoost,0.02495093122516654,0.6393640800625625,0.6521739130434783
0.9,0.05,6,1,100,0.0,2.0,0.9,XGBoost,0.025017195651893927,0.6392661335235192,0.6521739130434783
0.9,0.05,5,1,100,0.5,2.0,0.9,XGBoost,0.02520854699212526,0.6387761385701095,0.6521739130434783
0.7,0.05,5,1,100,0.0,1.0,0.9,XGBoost,0.025116263685230737,0.6387592442746274,0.6521739130434783
0.7,0.05,5,3,100,0.0,1.0,0.9,XGBoost,0.02506185373847785,0.6386510292344019,0.6521739130434783
0.9,0.05,6,3,100,0.5,1.0,0.7,XGBoost,0.025246542509515846,0.6385783475716886,0.6521739130434783
0.7,0.1,3,3,100,0.5,2.0,0.7,XGBoost,0.025189416053663646,0.638424980207849,0.6521739130434783
0.9,0.05,6,3,100,0.0,1.0,0.7,XGBoost,0.024964839959686343,0.6383779207783512,0.6521739130434783
0.7,0.05,6,3,300,0.0,2.0,0.9,XGBoost,0.02497741196213203,0.6382603499041096,0.6521739130434783
0.7,0.05,5,3,300,0.5,2.0,0.7,XGBoost,0.02517004911592249,0.6382444595935002,0.6521739130434783
0.9,0.05,6,1,200,0.0,2.0,0.9,XGBoost,0.025126354517963495,0.6372429236545348,0.6521739130434783
0.9,0.05,5,1,100,0.0,1.0,0.9,XGBoost,0.02515432526250229,0.6366631156206735,0.6521739130434783
0.9,0.05,6,1,300,0.0,2.0,0.9,XGBoost,0.025198973104262522,0.6364072355733241,0.6521739130434783
0.7,0.1,3,3,200,0.5,1.0,0.9,XGBoost,0.025192435870982875,0.6363511641352675,0.6521739130434783
0.7,0.2,5,3,100,0.5,1.0,0.9,XGBoost,0.02538054892802835,0.636214843713237,0.6521739130434783
0.9,0.1,3,3,100,0.5,1.0,0.7,XGBoost,0.025197761909845736,0.6362089340204423,0.6521739130434783
0.7,0.1,6,3,300,0.5,1.0,0.9,XGBoost,0.02521010344447989,0.6360865207574892,0.6521739130434783
0.7,0.1,3,1,300,0.5,2.0,0.9,XGBoost,0.02525590163996992,0.6360612587145613,0.6521739130434783
0.9,0.05,5,3,200,0.0,1.0,0.7,XGBoost,0.025290099016450896,0.6359809976087928,0.6521739130434783
0.7,0.1,5,1,200,0.0,2.0,0.9,XGBoost,0.025208457182855325,0.635966208175546,0.6521739130434783
0.7,0.05,6,1,100,0.5,1.0,0.7,XGBoost,0.025391695205918087,0.6357900880022707,0.6521739130434783
0.9,0.1,3,1,100,0.5,1.0,0.9,XGBoost,0.025367991620679955,0.6355993864509842,0.6521739130434783
0.9,0.1,3,1,200,0.5,1.0,0.9,XGBoost,0.0254027639690433,0.6353544053272622,0.6521739130434783
0.7,0.05,5,1,200,0.0,2.0,0.7,XGBoost,0.025255194268493136,0.6352528993488031,0.6521739130434783
0.9,0.1,3,1,100,0.5,2.0,0.7,XGBoost,0.025434548943101078,0.6346478985519346,0.6521739130434783
0.9,0.05,6,3,200,0.0,1.0,0.9,XGBoost,0.02536070686957469,0.6342456908001027,0.6521739130434783
0.9,0.05,5,1,200,0.0,2.0,0.7,XGBoost,0.02534523167397748,0.6342139238740105,0.6521739130434783
0.7,0.05,6,1,200,0.0,2.0,0.7,XGBoost,0.02545652467212207,0.6337435650084587,0.6521739130434783
0.7,0.1,3,3,300,0.5,1.0,0.9,XGBoost,0.025310442138715555,0.6337144116197,0.6521739130434783
0.7,0.1,5,1,100,0.5,1.0,0.7,XGBoost,0.025619495947527004,0.6334195725715221,0.6521739130434783
0.9,0.05,5,3,200,0.0,1.0,0.9,XGBoost,0.025486449295973188,0.6333361463527944,0.6521739130434783
0.7,0.1,3,3,200,0.5,2.0,0.7,XGBoost,0.025606859433777072,0.63313770003279,0.6521739130434783
0.9,0.05,6,3,300,0.0,1.0,0.9,XGBoost,0.025482332916093448,0.6331232278833714,0.6521739130434783
0.7,0.1,5,1,300,0.0,2.0,0.9,XGBoost,0.025415925754837657,0.6330631131513311,0.6521739130434783
0.7,0.1,3,1,200,0.0,2.0,0.9,XGBoost,0.02556915927150115,0.632928906120424,0.6521739130434783
0.7,0.1,3,3,300,0.5,1.0,0.7,XGBoost,0.02556856790304882,0.6326974873586798,0.6521739130434783
0.9,0.05,5,3,300,0.0,1.0,0.7,XGBoost,0.025534250294375074,0.6326632872898917,0.6521739130434783
0.7,0.1,3,1,100,0.0,1.0,0.7,XGBoost,0.02551982570017133,0.6326557607934499,0.6521739130434783
0.7,0.2,5,3,200,0.5,1.0,0.9,XGBoost,0.025621066414337687,0.632634552600322,0.6521739130434783
0.7,0.2,3,1,100,0.5,2.0,0.9,XGBoost,0.025458126722246576,0.6326030379509069,0.6521739130434783
0.7,0.05,6,3,200,0.0,1.0,0.7,XGBoost,0.02550710604902933,0.6324743401366569,0.6521739130434783
0.7,0.05,6,3,200,0.0,2.0,0.7,XGBoost,0.025612505949376793,0.631400690227838,0.6521739130434783
0.7,0.05,5,1,300,0.0,2.0,0.7,XGBoost,0.025548845733034845,0.6313190357104465,0.6521739130434783
0.9,0.1,5,3,100,0.5,2.0,0.7,XGBoost,0.025694238976364466,0.6309903506521042,0.6521739130434783
0.7,0.05,6,3,300,0.0,1.0,0.7,XGBoost,0.025625562715257486,0.6309318091074895,0.6521739130434783
0.7,0.2,5,3,300,0.5,1.0,0.9,XGBoost,0.025738780656794354,0.6309110388396695,0.6521739130434783
0.9,0.1,3,1,100,0.0,1.0,0.7,XGBoost,0.025472354117234572,0.630906155400654,0.6521739130434783
0.7,0.2,3,1,100,0.5,1.0,0.9,XGBoost,0.025564272651515643,0.6308426652140016,0.6521739130434783
0.7,0.1,6,3,100,0.5,2.0,0.7,XGBoost,0.025768437740653013,0.6305781069536364,0.6521739130434783
0.7,0.1,3,1,300,0.5,1.0,0.7,XGBoost,0.025753609536980738,0.6303829218717956,0.6521739130434783
0.7,0.1,3,1,200,0.0,2.0,0.7,XGBoost,0.02574356182445478,0.6302046761786688,0.6521739130434783
0.7,0.1,5,3,200,0.0,2.0,0.9,XGBoost,0.025703460808264255,0.6301022420979971,0.6521739130434783
0.9,0.1,5,1,100,0.0,1.0,0.7,XGBoost,0.0257938982109313,0.6299608415570387,0.6521739130434783
0.9,0.05,5,3,300,0.0,1.0,0.9,XGBoost,0.025707898306168327,0.6299212683137462,0.6521739130434783
0.9,0.05,5,1,300,0.0,1.0,0.9,XGBoost,0.025681043243278866,0.6298452173606625,0.6521739130434783
0.9,0.05,5,1,200,0.0,1.0,0.7,XGBoost,0.0256715164599158,0.6295860997779571,0.6521739130434783
0.9,0.1,6,1,100,0.0,1.0,0.7,XGBoost,0.025886878009661666,0.6294089418261346,0.6521739130434783
0.7,0.2,6,3,200,0.5,1.0,0.9,XGBoost,0.02576802509502709,0.6290999219474938,0.6521739130434783
0.7,0.2,6,3,300,0.5,1.0,0.9,XGBoost,0.025763845454667877,0.6288823968777745,0.6521739130434783
0.9,0.05,6,3,200,0.0,1.0,0.7,XGBoost,0.025626762269545644,0.6286974318601863,0.6521739130434783
0.9,0.2,3,3,100,0.5,2.0,0.9,XGBoost,0.025831706556892507,0.6279148752737714,0.6521739130434783
0.7,0.1,3,3,200,0.0,2.0,0.9,XGBoost,0.025955704544402335,0.627646467701665,0.6521739130434783
0.9,0.1,3,1,200,0.0,2.0,0.9,XGBoost,0.025991379835940746,0.6273478812758199,0.6521739130434783
0.9,0.1,3,3,200,0.5,2.0,0.7,XGBoost,0.026147175426698324,0.626933040097391,0.6521739130434783
0.9,0.1,3,1,200,0.5,1.0,0.7,XGBoost,0.025833338465479944,0.6269152345833504,0.6521739130434783
0.7,0.1,3,1,200,0.0,1.0,0.9,XGBoost,0.02595768730877135,0.6268487453051178,0.6521739130434783
0.7,0.2,5,1,100,0.5,2.0,0.9,XGBoost,0.026281817990869767,0.6260123098629695,0.6521739130434783
0.7,0.1,5,3,300,0.0,2.0,0.9,XGBoost,0.02597807916202012,0.6260084238057143,0.6521739130434783
0.9,0.1,5,1,200,0.0,1.0,0.7,XGBoost,0.026104456023200245,0.6259473229588061,0.6521739130434783
0.9,0.1,5,1,100,0.0,2.0,0.7,XGBoost,0.025951890956702323,0.6259023134226801,0.6521739130434783
0.9,0.1,3,1,300,0.5,1.0,0.7,XGBoost,0.025890345386642363,0.6258043710726391,0.6521739130434783
0.9,0.05,6,3,300,0.0,1.0,0.7,XGBoost,0.02587917513837223,0.6254033521798125,0.6521739130434783
0.9,0.1,3,3,200,0.0,1.0,0.9,XGBoost,0.026054593822521156,0.624526035928308,0.6521739130434783
0.9,0.1,6,1,200,0.0,1.0,0.7,XGBoost,0.02623018371183109,0.6244923895511773,0.6521739130434783
0.9,0.1,5,1,100,0.0,1.0,0.9,XGBoost,0.026270663709199168,0.6236259119397897,0.6521739130434783
0.9,0.1,6,1,300,0.0,1.0,0.7,XGBoost,0.026315105240982965,0.6233898399308774,0.6521739130434783
0.9,0.1,5,1,300,0.0,1.0,0.7,XGBoost,0.026338903125489192,0.6230661275885331,0.6521739130434783
0.7,0.2,5,3,100,0.5,2.0,0.7,XGBoost,0.026333015464246923,0.6229736278965798,0.6521739130434783
0.7,0.1,3,1,300,0.0,2.0,0.7,XGBoost,0.02627872922196861,0.6218149322603026,0.6521739130434783
0.7,0.2,5,1,200,0.5,2.0,0.9,XGBoost,0.026611368791965326,0.6212999380842784,0.6521739130434783
0.7,0.1,6,1,200,0.0,1.0,0.7,XGBoost,0.026360050930967608,0.6206973837936178,0.6521739130434783
0.7,0.1,6,1,300,0.0,1.0,0.7,XGBoost,0.02640808829592341,0.6201712738673119,0.6521739130434783
0.7,0.2,5,1,300,0.5,2.0,0.9,XGBoost,0.02669677248218727,0.6199884045587776,0.6521739130434783
0.9,0.1,3,3,200,0.0,1.0,0.7,XGBoost,0.026360625958666152,0.6193680758732495,0.6521739130434783
0.9,0.1,5,3,200,0.0,2.0,0.9,XGBoost,0.026502073732812485,0.6179647986100414,0.6521739130434783
0.9,0.2,5,1,300,0.5,2.0,0.7,XGBoost,0.026910989626599765,0.6176294349036386,0.6521739130434783
0.7,0.2,5,3,200,0.5,2.0,0.7,XGBoost,0.026734655395454672,0.617547775353684,0.6521739130434783
0.9,0.2,3,1,100,0.0,1.0,0.9,XGBoost,0.026418626916360963,0.6173040244083233,0.6521739130434783
0.7,0.1,3,3,300,0.0,1.0,0.9,XGBoost,0.026477714918563395,0.6172786856276001,0.6521739130434783
0.7,0.2,3,1,300,0.5,1.0,0.9,XGBoost,0.02659342101172556,0.6163606415928622,0.6521739130434783
0.7,0.1,3,3,300,0.0,2.0,0.9,XGBoost,0.026753023944554748,0.6160101023205599,0.6521739130434783
0.7,0.2,3,3,100,0.0,2.0,0.7,XGBoost,0.026774523635418025,0.615563804704894,0.6521739130434783
0.7,0.2,5,3,300,0.5,2.0,0.7,XGBoost,0.026903034600638105,0.6154650346709276,0.6521739130434783
0.9,0.1,5,1,200,0.0,1.0,0.9,XGBoost,0.026832547587269467,0.6153338150580084,0.6521739130434783
0.7,0.1,5,1,100,0.0,1.0,0.7,XGBoost,0.026784125454345723,0.6150083823022772,0.6521739130434783
0.9,0.1,5,3,300,0.0,2.0,0.9,XGBoost,0.026729385868926554,0.6148024138551029,0.6521739130434783
0.9,0.1,6,3,100,0.0,1.0,0.9,XGBoost,0.02666131556350299,0.6139115973157938,0.6521739130434783
0.7,0.2,5,3,200,0.5,1.0,0.7,XGBoost,0.026992482316196317,0.6136711287943263,0.6521739130434783
0.9,0.1,5,1,300,0.0,1.0,0.9,XGBoost,0.026964111770219935,0.613453090998071,0.6521739130434783
0.7,0.1,3,3,300,0.0,2.0,0.7,XGBoost,0.027143055948261437,0.6130934663803785,0.6521739130434783
0.9,0.1,3,3,300,0.0,1.0,0.9,XGBoost,0.0268976580873768,0.6130486927308116,0.6521739130434783
0.9,0.2,3,1,100,0.0,2.0,0.9,XGBoost,0.026941636780665433,0.6128966617959343,0.6521739130434783
0.9,0.2,6,1,100,0.5,2.0,0.7,XGBoost,0.027315665499185172,0.6128152139101487,0.6521739130434783
0.7,0.2,5,3,300,0.5,1.0,0.7,XGBoost,0.02707303359429007,0.6125883244163396,0.6521739130434783
0.9,0.1,5,3,200,0.0,1.0,0.9,XGBoost,0.027111752031044524,0.611336315962681,0.6521739130434783
0.9,0.1,6,3,200,0.0,1.0,0.9,XGBoost,0.026914506487752475,0.6109327399220923,0.6521739130434783
0.9,0.1,6,3,300,0.0,1.0,0.9,XGBoost,0.026993016368687377,0.6099974801825795,0.6521739130434783
0.7,0.2,3,1,200,0.0,2.0,0.9,XGBoost,0.027020605686233757,0.6093912587252184,0.6521739130434783
0.9,0.1,5,3,300,0.0,1.0,0.9,XGBoost,0.027332718787603644,0.6086056999333415,0.6521739130434783
0.7,0.2,3,3,100,0.0,1.0,0.7,XGBoost,0.027258490979490287,0.6068108489527233,0.6521739130434783
0.7,0.1,5,1,200,0.0,1.0,0.7,XGBoost,0.027436890057681622,0.6066924770986077,0.6521739130434783
0.9,0.2,3,1,200,0.5,2.0,0.7,XGBoost,0.027510876194564174,0.6058071037971231,0.6521739130434783
0.7,0.1,5,1,300,0.0,1.0,0.7,XGBoost,0.027598070207829343,0.6051307380663095,0.6521739130434783
0.7,0.2,3,3,200,0.5,2.0,0.7,XGBoost,0.02743191257484623,0.6049787022565923,0.6521739130434783
0.7,0.2,3,3,200,0.0,1.0,0.9,XGBoost,0.02764033204036151,0.6041248201147734,0.6521739130434783
0.9,0.2,3,1,200,0.0,1.0,0.9,XGBoost,0.027401747190785922,0.6039952971892079,0.6521739130434783
0.9,0.2,5,3,100,0.0,2.0,0.7,XGBoost,0.027745446843644155,0.5998279933497856,0.6521739130434783
0.7,0.2,3,1,300,0.0,2.0,0.9,XGBoost,0.02772546549338908,0.5994674727591822,0.6521739130434783
0.9,0.2,5,3,100,0.0,1.0,0.9,XGBoost,0.028269340742976358,0.5980634516880621,0.6521739130434783
0.9,0.2,5,3,200,0.0,1.0,0.9,XGBoost,0.028504470141300912,0.5950078562255156,0.6521739130434783
0.9,0.2,5,3,300,0.0,1.0,0.9,XGBoost,0.02854718605099781,0.5943864046706515,0.6521739130434783
0.9,0.2,5,3,200,0.0,2.0,0.7,XGBoost,0.02825973878981379,0.594169352522313,0.6521739130434783
0.9,0.2,5,3,300,0.0,2.0,0.7,XGBoost,0.028356199671152205,0.5928896287978361,0.6521739130434783
0.9,0.2,5,1,200,0.0,1.0,0.7,XGBoost,0.028622987860012095,0.5915364123433161,0.6521739130434783
0.9,0.2,5,1,300,0.0,1.0,0.7,XGBoost,0.028627581462159737,0.5914311594003018,0.6521739130434783
0.9,0.2,5,1,100,0.0,1.0,0.9,XGBoost,0.029102845688921596,0.5826346938717459,0.6521739130434783
0.9,0.2,3,1,300,0.0,2.0,0.9,XGBoost,0.02932790511724534,0.5814068391427574,0.6521739130434783
0.9,0.2,5,1,200,0.0,1.0,0.9,XGBoost,0.02928225909215268,0.579733987359209,0.6521739130434783
0.9,0.2,3,3,200,0.0,1.0,0.9,XGBoost,0.029236562482299045,0.5795102962637145,0.6521739130434783
0.9,0.2,5,1,300,0.0,1.0,0.9,XGBoost,0.029305338967095463,0.5793533501006476,0.6521739130434783
0.9,0.2,3,3,300,0.0,1.0,0.9,XGBoost,0.02991106269703574,0.5702574087219794,0.6521739130434783
0.7,0.05,3,1,200,0.0,2.0,0.9,XGBoost,0.024328747695543593,0.6494794096710954,0.6304347826086957
0.7,0.05,3,1,100,0.0,1.0,0.7,XGBoost,0.024418540187353073,0.6484906947463803,0.6304347826086957
0.7,0.05,3,3,200,0.0,1.0,0.7,XGBoost,0.024350352685416635,0.6482240898991503,0.6304347826086957
0.7,0.05,3,1,200,0.0,1.0,0.7,XGBoost,0.024404063593504305,0.6481746547800044,0.6304347826086957
0.7,0.05,3,3,100,0.0,1.0,0.7,XGBoost,0.024494200648921497,0.6466391569878407,0.6304347826086957
0.7,0.05,5,3,100,0.5,2.0,0.9,XGBoost,0.02462894102912722,0.6464093989660771,0.6304347826086957
0.7,0.05,3,3,300,0.5,1.0,0.7,XGBoost,0.024559410798242493,0.6463576150949337,0.6304347826086957
0.7,0.05,6,3,100,0.5,1.0,0.7,XGBoost,0.024797681417858087,0.6454809372738572,0.6304347826086957
0.9,0.05,3,3,200,0.5,1.0,0.9,XGBoost,0.024528997435643848,0.6451863381852678,0.6304347826086957
0.7,0.05,3,1,200,0.0,1.0,0.9,XGBoost,0.02468930847220201,0.6450643344455781,0.6304347826086957
0.9,0.05,3,3,300,0.5,2.0,0.9,XGBoost,0.024598392760913815,0.6449999145693068,0.6304347826086957
0.7,0.05,3,3,200,0.5,1.0,0.7,XGBoost,0.02465160039687726,0.6449169924397685,0.6304347826086957
0.7,0.05,3,1,300,0.0,2.0,0.9,XGBoost,0.02467521261810432,0.6445833337295408,0.6304347826086957
0.7,0.05,3,3,200,0.0,2.0,0.9,XGBoost,0.024736806518076283,0.6445015503777344,0.6304347826086957
0.7,0.05,3,3,300,0.5,2.0,0.9,XGBoost,0.024759178736910227,0.6444394783451353,0.6304347826086957
0.9,0.05,3,3,100,0.0,2.0,0.7,XGBoost,0.02466407290647686,0.6440125927007277,0.6304347826086957
0.7,0.05,3,3,200,0.5,1.0,0.9,XGBoost,0.02483592411957948,0.6439670013009512,0.6304347826086957
0.7,0.05,3,1,100,0.5,2.0,0.7,XGBoost,0.024878176992131858,0.6437292119798734,0.6304347826086957
0.7,0.1,3,1,100,0.5,2.0,0.7,XGBoost,0.024839651355096533,0.6435143037082778,0.6304347826086957
0.9,0.05,3,1,200,0.0,2.0,0.9,XGBoost,0.02479411158407965,0.6432958837287273,0.6304347826086957
0.7,0.05,6,3,300,0.5,1.0,0.7,XGBoost,0.024873351628449555,0.6432376294054257,0.6304347826086957
0.7,0.1,3,1,100,0.5,2.0,0.9,XGBoost,0.024928828893726003,0.6423454240903772,0.6304347826086957
0.7,0.05,3,1,200,0.5,1.0,0.9,XGBoost,0.024947389256386045,0.6422670357945724,0.6304347826086957
0.7,0.05,3,1,100,0.5,1.0,0.7,XGBoost,0.024906415459650978,0.6422638128879192,0.6304347826086957
0.9,0.05,3,3,300,0.5,1.0,0.9,XGBoost,0.024680277046013586,0.642128294984208,0.6304347826086957
0.9,0.05,3,3,100,0.5,1.0,0.9,XGBoost,0.024917896657465428,0.6413478421932514,0.6304347826086957
0.9,0.05,5,3,100,0.0,2.0,0.7,XGBoost,0.02495635760101879,0.6413260872707174,0.6304347826086957
0.7,0.1,3,3,100,0.0,2.0,0.9,XGBoost,0.02505083428052209,0.6412781630081376,0.6304347826086957
0.7,0.05,3,3,300,0.0,1.0,0.7,XGBoost,0.024760666928192475,0.6411417306280154,0.6304347826086957
0.7,0.1,3,1,100,0.5,1.0,0.7,XGBoost,0.025047155214970397,0.6404298891308509,0.6304347826086957
0.7,0.05,3,3,100,0.0,2.0,0.9,XGBoost,0.025071474849316933,0.6401304582508323,0.6304347826086957
0.7,0.1,3,1,100,0.5,1.0,0.9,XGBoost,0.02505978605977599,0.6401092470843547,0.6304347826086957
0.9,0.05,3,3,100,0.0,2.0,0.9,XGBoost,0.025058128171482005,0.6396796262142594,0.6304347826086957
0.9,0.05,3,3,200,0.0,2.0,0.9,XGBoost,0.025073585624153835,0.6391177494230137,0.6304347826086957
0.9,0.05,6,3,100,0.0,1.0,0.9,XGBoost,0.02504225890519576,0.6386972790331259,0.6304347826086957
0.9,0.05,3,1,100,0.5,2.0,0.9,XGBoost,0.025189632882944773,0.6386384784571999,0.6304347826086957
0.9,0.05,3,1,200,0.0,1.0,0.9,XGBoost,0.02502475505826338,0.6386113832886197,0.6304347826086957
0.9,0.05,3,1,300,0.0,2.0,0.9,XGBoost,0.02512946465802498,0.6381043625845938,0.6304347826086957
0.7,0.05,3,3,100,0.5,2.0,0.9,XGBoost,0.02530654580537238,0.6379039892063373,0.6304347826086957
0.7,0.05,3,3,100,0.5,1.0,0.9,XGBoost,0.025368595677465,0.6374851543909124,0.6304347826086957
0.7,0.05,3,1,100,0.5,2.0,0.9,XGBoost,0.025298185925630802,0.6374143672560219,0.6304347826086957
0.7,0.1,3,1,200,0.5,2.0,0.7,XGBoost,0.02528667866770984,0.6373982621823151,0.6304347826086957
0.9,0.05,3,3,300,0.0,1.0,0.9,XGBoost,0.025216106739771295,0.6372884622538578,0.6304347826086957
0.7,0.1,3,3,100,0.0,1.0,0.7,XGBoost,0.02517696970651917,0.637140440260273,0.6304347826086957
0.9,0.1,3,3,100,0.0,2.0,0.9,XGBoost,0.02516034289127283,0.6370203266230393,0.6304347826086957
0.7,0.05,3,1,100,0.5,1.0,0.9,XGBoost,0.025435462162108215,0.6365693835404995,0.6304347826086957
0.9,0.05,6,3,100,0.5,2.0,0.9,XGBoost,0.025175562614756116,0.6365423408079474,0.6304347826086957
0.9,0.1,3,3,100,0.0,1.0,0.7,XGBoost,0.025166747746360407,0.636541089028345,0.6304347826086957
0.7,0.1,3,3,100,0.0,1.0,0.9,XGBoost,0.02522772108410973,0.6365171458138402,0.6304347826086957
0.9,0.1,3,1,100,0.0,2.0,0.9,XGBoost,0.025323332345425685,0.6362417887655705,0.6304347826086957
0.7,0.1,3,1,100,0.0,1.0,0.9,XGBoost,0.02537153518754803,0.6360835906847402,0.6304347826086957
0.9,0.1,3,1,100,0.5,1.0,0.7,XGBoost,0.025221252205388525,0.6358378629416518,0.6304347826086957
0.7,0.05,5,3,200,0.0,1.0,0.7,XGBoost,0.025246271944417926,0.634369339285701,0.6304347826086957
0.7,0.1,3,1,200,0.5,1.0,0.7,XGBoost,0.025469709977225963,0.6342397742158323,0.6304347826086957
0.9,0.05,6,3,300,0.0,2.0,0.7,XGBoost,0.025419972603070926,0.634161601501831,0.6304347826086957
0.9,0.05,5,3,200,0.0,2.0,0.7,XGBoost,0.025517569674381322,0.6332341181657921,0.6304347826086957
0.9,0.05,5,1,200,0.0,1.0,0.9,XGBoost,0.025458125600454917,0.6329873303780582,0.6304347826086957
0.7,0.1,5,3,100,0.5,1.0,0.7,XGBoost,0.025549001905399084,0.6329141177330563,0.6304347826086957
0.7,0.1,3,1,300,0.5,2.0,0.7,XGBoost,0.025616416220304864,0.6323570233942604,0.6304347826086957
0.9,0.05,3,1,300,0.0,1.0,0.9,XGBoost,0.02547813710827639,0.6321498012810606,0.6304347826086957
0.7,0.05,5,3,300,0.0,1.0,0.7,XGBoost,0.02544872809442843,0.6318727793900907,0.6304347826086957
0.9,0.1,3,3,100,0.0,2.0,0.7,XGBoost,0.025586171130610985,0.6313523159381769,0.6304347826086957
0.7,0.05,6,1,300,0.0,2.0,0.7,XGBoost,0.02567342614333021,0.6312107092138461,0.6304347826086957
0.9,0.05,3,3,300,0.0,2.0,0.9,XGBoost,0.025593591693553318,0.6310543596415322,0.6304347826086957
0.7,0.2,3,1,100,0.0,2.0,0.9,XGBoost,0.025565895780209166,0.6306314530505077,0.6304347826086957
0.7,0.05,6,3,300,0.0,2.0,0.7,XGBoost,0.025714809322930774,0.6304574241454666,0.6304347826086957
0.9,0.05,5,3,300,0.0,2.0,0.7,XGBoost,0.025757153501243163,0.6304547320484142,0.6304347826086957
0.9,0.1,6,3,100,0.0,2.0,0.7,XGBoost,0.026009690542231508,0.6272523308656417,0.6304347826086957
0.7,0.2,3,1,100,0.5,1.0,0.7,XGBoost,0.02568601884656526,0.626779549297427,0.6304347826086957
0.7,0.1,3,3,200,0.0,1.0,0.9,XGBoost,0.02579967090931226,0.6265458295138929,0.6304347826086957
0.9,0.1,3,1,200,0.0,1.0,0.9,XGBoost,0.026056619651657228,0.6260041701071605,0.6304347826086957
0.7,0.1,3,3,200,0.0,1.0,0.7,XGBoost,0.02601479105534426,0.6256746555899485,0.6304347826086957
0.9,0.1,3,1,200,0.0,2.0,0.7,XGBoost,0.0260158856363082,0.6247390639290131,0.6304347826086957
0.9,0.1,3,3,200,0.0,2.0,0.9,XGBoost,0.02611459885084882,0.6236599662906257,0.6304347826086957
0.7,0.2,3,3,200,0.5,1.0,0.9,XGBoost,0.026015819652314837,0.6235534718562903,0.6304347826086957
0.9,0.1,6,3,200,0.0,2.0,0.7,XGBoost,0.02642975809492894,0.6224328247558915,0.6304347826086957
0.7,0.1,3,1,300,0.0,2.0,0.9,XGBoost,0.026320714544330985,0.621600518966927,0.6304347826086957
0.9,0.1,6,3,300,0.0,2.0,0.7,XGBoost,0.026591247664820735,0.6203275001524599,0.6304347826086957
0.9,0.1,5,3,100,0.0,1.0,0.9,XGBoost,0.026487956293001623,0.6201334389603751,0.6304347826086957
0.7,0.1,3,1,200,0.0,1.0,0.7,XGBoost,0.02639001472400434,0.6200333829144613,0.6304347826086957
0.9,0.2,3,3,200,0.5,2.0,0.9,XGBoost,0.026402734145986685,0.6193793414506042,0.6304347826086957
0.9,0.2,5,1,200,0.5,2.0,0.7,XGBoost,0.026830355177254416,0.6191366347717688,0.6304347826086957
0.7,0.1,6,3,100,0.0,2.0,0.7,XGBoost,0.02655345169389081,0.6183016238810989,0.6304347826086957
0.7,0.2,3,3,300,0.5,1.0,0.9,XGBoost,0.02646804129546145,0.6172179751591728,0.6304347826086957
0.9,0.1,3,1,300,0.0,2.0,0.7,XGBoost,0.0265001635467953,0.6170713289328998,0.6304347826086957
0.9,0.1,3,1,300,0.0,1.0,0.9,XGBoost,0.026716380805623368,0.616900426917556,0.6304347826086957
0.9,0.2,6,1,100,0.5,1.0,0.7,XGBoost,0.026875801426287736,0.6168687768782923,0.6304347826086957
0.7,0.1,3,1,300,0.0,1.0,0.9,XGBoost,0.02668332831976165,0.6164412053441607,0.6304347826086957
0.9,0.2,6,1,200,0.5,1.0,0.7,XGBoost,0.02693783631658573,0.615992140066497,0.6304347826086957
0.9,0.1,3,3,200,0.0,2.0,0.7,XGBoost,0.026734687846148953,0.6153805076302278,0.6304347826086957
0.9,0.2,6,1,300,0.5,1.0,0.7,XGBoost,0.026981300423438003,0.6152529388665243,0.6304347826086957
0.9,0.2,3,3,300,0.5,2.0,0.9,XGBoost,0.026672565715116312,0.614746672604378,0.6304347826086957
0.7,0.1,6,3,200,0.0,2.0,0.7,XGBoost,0.026813809330651472,0.6140859072005437,0.6304347826086957
0.9,0.1,3,1,300,0.0,2.0,0.9,XGBoost,0.02698286333092876,0.6137139773678915,0.6304347826086957
0.7,0.1,3,1,300,0.0,1.0,0.7,XGBoost,0.026846247698110802,0.6132765849305127,0.6304347826086957
0.7,0.2,6,1,100,0.5,2.0,0.7,XGBoost,0.026580575867499078,0.6129007733337511,0.6304347826086957
0.7,0.1,6,3,300,0.0,2.0,0.7,XGBoost,0.02692298548434513,0.6126070677122294,0.6304347826086957
0.9,0.1,3,3,300,0.0,2.0,0.9,XGBoost,0.02701747048617646,0.6107202905146165,0.6304347826086957
0.9,0.1,5,3,300,0.0,2.0,0.7,XGBoost,0.027308615379000246,0.6092957696307935,0.6304347826086957
0.7,0.2,6,1,300,0.5,2.0,0.7,XGBoost,0.026905329620312283,0.609091733878288,0.6304347826086957
0.7,0.2,5,1,300,0.5,1.0,0.7,XGBoost,0.027154318409471533,0.6086009421211211,0.6304347826086957
0.9,0.2,6,3,100,0.0,1.0,0.9,XGBoost,0.02721794798352221,0.6084990527757729,0.6304347826086957
0.9,0.2,6,3,200,0.0,1.0,0.9,XGBoost,0.027311137344851025,0.6070641805688212,0.6304347826086957
0.9,0.2,6,3,300,0.0,1.0,0.9,XGBoost,0.027316930787745306,0.6069945201468997,0.6304347826086957
0.9,0.1,3,3,300,0.0,2.0,0.7,XGBoost,0.02750672832089381,0.6038608784966278,0.6304347826086957
0.7,0.2,5,1,100,0.0,1.0,0.7,XGBoost,0.02751958199010248,0.6006429403398941,0.6304347826086957
0.9,0.2,3,3,100,0.0,1.0,0.9,XGBoost,0.027652655119756994,0.6005542252393312,0.6304347826086957
0.7,0.2,5,1,200,0.0,1.0,0.7,XGBoost,0.027898908156675034,0.5956802220264045,0.6304347826086957
0.7,0.2,5,1,300,0.0,1.0,0.7,XGBoost,0.02793249573496776,0.5952423588119761,0.6304347826086957
0.9,0.2,5,1,100,0.0,1.0,0.7,XGBoost,0.028387317861813813,0.5946030407783719,0.6304347826086957
0.7,0.2,6,3,100,0.0,2.0,0.7,XGBoost,0.02962824593969172,0.580774909701691,0.6304347826086957
0.7,0.2,6,3,200,0.0,2.0,0.7,XGBoost,0.029799942382218506,0.578589025591639,0.6304347826086957
0.7,0.2,6,3,300,0.0,2.0,0.7,XGBoost,0.02980544064389843,0.5785527135501121,0.6304347826086957
0.7,0.2,3,1,200,0.0,1.0,0.7,XGBoost,0.029099927971329743,0.5772981489785561,0.6304347826086957
0.7,0.2,3,1,300,0.0,1.0,0.7,XGBoost,0.029994141577409282,0.5658940422065821,0.6304347826086957
0.7,0.05,3,3,200,0.5,2.0,0.7,XGBoost,0.024430982497288544,0.6483892483076812,0.6086956521739131
0.9,0.05,3,3,200,0.5,2.0,0.9,XGBoost,0.024413821600222846,0.6483448708682831,0.6086956521739131
0.7,0.05,3,1,200,0.5,2.0,0.7,XGBoost,0.02443992872478209,0.6479852209839635,0.6086956521739131
0.7,0.05,3,3,300,0.5,2.0,0.7,XGBoost,0.024511212965830847,0.6473223387221239,0.6086956521739131
0.7,0.05,3,1,300,0.5,2.0,0.7,XGBoost,0.024468537082469977,0.6472405163047551,0.6086956521739131
0.9,0.05,3,1,200,0.5,1.0,0.9,XGBoost,0.02451810320940616,0.6467370423892981,0.6086956521739131
0.7,0.05,3,1,200,0.5,1.0,0.7,XGBoost,0.024505216889648816,0.6467168576760044,0.6086956521739131
0.7,0.05,3,1,200,0.0,2.0,0.7,XGBoost,0.02453144404737132,0.6462517064074856,0.6086956521739131
0.7,0.05,3,3,200,0.0,2.0,0.7,XGBoost,0.02455979499264592,0.6462096399669619,0.6086956521739131
0.7,0.05,3,1,300,0.5,1.0,0.7,XGBoost,0.02453908966407134,0.6460169772347677,0.6086956521739131
0.7,0.05,3,3,200,0.5,2.0,0.9,XGBoost,0.024692522727266162,0.6457351876885423,0.6086956521739131
0.9,0.05,3,3,100,0.5,2.0,0.9,XGBoost,0.02480357340010834,0.6436593257363297,0.6086956521739131
0.9,0.05,3,1,200,0.5,2.0,0.9,XGBoost,0.024773419438248342,0.6435463498871159,0.6086956521739131
0.7,0.05,3,1,200,0.5,2.0,0.9,XGBoost,0.024838302745297292,0.6430501169855602,0.6086956521739131
0.7,0.05,3,1,300,0.0,2.0,0.7,XGBoost,0.024695706841765773,0.6430237173639685,0.6086956521739131
0.9,0.05,3,1,300,0.5,1.0,0.9,XGBoost,0.024799318116808168,0.6423153604954507,0.6086956521739131
0.9,0.05,3,1,300,0.5,2.0,0.9,XGBoost,0.02490856788392673,0.6411884070144558,0.6086956521739131
0.9,0.05,3,1,100,0.0,2.0,0.9,XGBoost,0.024985299642883273,0.6407770670533643,0.6086956521739131
0.7,0.05,3,3,300,0.0,2.0,0.7,XGBoost,0.02493649893991369,0.6405538167305599,0.6086956521739131
0.7,0.05,5,3,100,0.0,1.0,0.7,XGBoost,0.02488375396143468,0.6396187047391028,0.6086956521739131
0.7,0.05,3,1,300,0.5,1.0,0.9,XGBoost,0.025109119734017527,0.6393186998898912,0.6086956521739131
0.7,0.05,5,3,200,0.5,2.0,0.7,XGBoost,0.025125429722950537,0.6389297694866799,0.6086956521739131
0.9,0.05,3,1,100,0.0,1.0,0.9,XGBoost,0.02516804994737459,0.6377940161270889,0.6086956521739131
0.7,0.2,3,1,100,0.5,2.0,0.7,XGBoost,0.026311270588870974,0.6204370113087136,0.6086956521739131
0.7,0.1,3,3,300,0.0,1.0,0.7,XGBoost,0.02676820983301289,0.6152032007433652,0.6086956521739131
0.7,0.2,5,1,100,0.5,1.0,0.7,XGBoost,0.027112154991236464,0.6097020597318555,0.6086956521739131
0.7,0.2,6,1,200,0.5,2.0,0.7,XGBoost,0.02688841132893727,0.6094187937228779,0.6086956521739131
0.7,0.2,5,1,200,0.5,1.0,0.7,XGBoost,0.027155783586209428,0.6091395212364938,0.6086956521739131
0.7,0.2,3,1,200,0.5,2.0,0.7,XGBoost,0.02723864095494869,0.6066426317094232,0.6086956521739131
0.7,0.2,3,1,300,0.5,2.0,0.7,XGBoost,0.027770019477482616,0.5999467278432017,0.6086956521739131
0.7,0.2,6,1,100,0.0,2.0,0.7,XGBoost,0.028506502596726945,0.5945802533550706,0.6086956521739131
0.7,0.2,6,1,200,0.0,2.0,0.7,XGBoost,0.028636734385824446,0.592899773231684,0.6086956521739131
0.7,0.2,6,1,300,0.0,2.0,0.7,XGBoost,0.02865339221545066,0.5926875391636679,0.6086956521739131
0.9,0.2,3,3,200,0.0,2.0,0.7,XGBoost,0.02923037219249889,0.5804716353844492,0.6086956521739131
0.9,0.2,3,3,300,0.0,2.0,0.7,XGBoost,0.029981160323508105,0.5697955762784058,0.6086956521739131
0.9,0.05,3,1,100,0.5,1.0,0.9,XGBoost,0.024909744091953095,0.6423645736704061,0.5869565217391305
